[{"model": "sishasembapo.pasar", "pk": 1, "fields": {"nama_pasar": "Pasar Setono Betek", "alamat_pasar": "JL. Patimura 64129", "kelurahan": "Setono Pande", "kecamatan": "Kota", "notlp": "0354-698508", "lokasi": "-7.821692,112.016371"}}, {"model": "sishasembapo.pasar", "pk": 2, "fields": {"nama_pasar": "Pasar Pahing", "alamat_pasar": "JL. HOS. Cokroaminoto 64123", "kelurahan": "Singonegaran", "kecamatan": "Pesantren", "notlp": "0354-696874", "lokasi": "-7.823028,112.022077"}}, {"model": "sishasembapo.satuan", "pk": 1, "fields": {"satuan": "Kg"}}, {"model": "sishasembapo.satuan", "pk": 2, "fields": {"satuan": "Liter"}}, {"model": "sishasembapo.satuan", "pk": 3, "fields": {"satuan": "Perbiji"}}, {"model": "sishasembapo.sembako", "pk": 19, "fields": {"nama_sembako": null, "jenis_sembako": "Beras", "satuan": 1}}, {"model": "sishasembapo.sembako", "pk": 20, "fields": {"nama_sembako": null, "jenis_sembako": "Gula", "satuan": 1}}, {"model": "sishasembapo.sembako", "pk": 21, "fields": {"nama_sembako": null, "jenis_sembako": "Daging", "satuan": 1}}, {"model": "sishasembapo.sembako", "pk": 22, "fields": {"nama_sembako": null, "jenis_sembako": "Minyak", "satuan": 2}}, {"model": "sishasembapo.sembako", "pk": 23, "fields": {"nama_sembako": null, "jenis_sembako": "Telur", "satuan": 1}}, {"model": "sishasembapo.sembako", "pk": 24, "fields": {"nama_sembako": null, "jenis_sembako": "Cabe", "satuan": 1}}, {"model": "sishasembapo.sembako", "pk": 25, "fields": {"nama_sembako": null, "jenis_sembako": "Bawang", "satuan": 1}}, {"model": "sishasembapo.sembako", "pk": 26, "fields": {"nama_sembako": null, "jenis_sembako": "Olahan Ikan", "satuan": 1}}, {"model": "sishasembapo.sembako", "pk": 27, "fields": {"nama_sembako": null, "jenis_sembako": "Sayur Mayur", "satuan": 1}}, {"model": "sishasembapo.sembako", "pk": 28, "fields": {"nama_sembako": 19, "jenis_sembako": "Bramo", "satuan": 1}}, {"model": "sishasembapo.sembako", "pk": 29, "fields": {"nama_sembako": 19, "jenis_sembako": "Bengawan", "satuan": 1}}, {"model": "sishasembapo.sembako", "pk": 30, "fields": {"nama_sembako": 19, "jenis_sembako": "Menthik", "satuan": 1}}, {"model": "sishasembapo.sembako", "pk": 31, "fields": {"nama_sembako": 19, "jenis_sembako": "IR 64", "satuan": 1}}, {"model": "sishasembapo.sembako", "pk": 32, "fields": {"nama_sembako": 20, "jenis_sembako": "Gula Dalam Negeri", "satuan": 1}}, {"model": "sishasembapo.sembako", "pk": 33, "fields": {"nama_sembako": 22, "jenis_sembako": "Minyak Goreng", "satuan": 2}}, {"model": "sishasembapo.sembako", "pk": 34, "fields": {"nama_sembako": 21, "jenis_sembako": "Ayam Bloiler", "satuan": 1}}, {"model": "sishasembapo.sembako", "pk": 35, "fields": {"nama_sembako": 21, "jenis_sembako": "Ayam Kampung", "satuan": 1}}, {"model": "sishasembapo.sembako", "pk": 36, "fields": {"nama_sembako": 21, "jenis_sembako": "Sapi", "satuan": 1}}, {"model": "sishasembapo.sembako", "pk": 37, "fields": {"nama_sembako": 23, "jenis_sembako": "Ayam Bloiler", "satuan": 1}}, {"model": "sishasembapo.sembako", "pk": 38, "fields": {"nama_sembako": 23, "jenis_sembako": "Ayam Kampung", "satuan": 3}}, {"model": "sishasembapo.sembako", "pk": 39, "fields": {"nama_sembako": 24, "jenis_sembako": "Merah", "satuan": 1}}, {"model": "sishasembapo.sembako", "pk": 40, "fields": {"nama_sembako": 24, "jenis_sembako": "Kriting", "satuan": 1}}, {"model": "sishasembapo.sembako", "pk": 41, "fields": {"nama_sembako": 24, "jenis_sembako": "Rawit", "satuan": 1}}, {"model": "sishasembapo.sembako", "pk": 42, "fields": {"nama_sembako": 25, "jenis_sembako": "Merah", "satuan": 1}}, {"model": "sishasembapo.sembako", "pk": 43, "fields": {"nama_sembako": 25, "jenis_sembako": "Putih", "satuan": 1}}, {"model": "sishasembapo.sembako", "pk": 44, "fields": {"nama_sembako": 26, "jenis_sembako": "Ikan Asin", "satuan": 1}}, {"model": "sishasembapo.sembako", "pk": 45, "fields": {"nama_sembako": 27, "jenis_sembako": "Kacang Hijau", "satuan": 1}}, {"model": "sishasembapo.sembako", "pk": 46, "fields": {"nama_sembako": 27, "jenis_sembako": "Kacang Tanah", "satuan": 1}}, {"model": "sishasembapo.sembako", "pk": 47, "fields": {"nama_sembako": 27, "jenis_sembako": "Ketela Pohon", "satuan": 1}}, {"model": "sishasembapo.sembako", "pk": 48, "fields": {"nama_sembako": 27, "jenis_sembako": "Gobis(Kol)", "satuan": 1}}, {"model": "sishasembapo.sembako", "pk": 49, "fields": {"nama_sembako": 27, "jenis_sembako": "Kentang", "satuan": 1}}, {"model": "sishasembapo.sembako", "pk": 50, "fields": {"nama_sembako": 27, "jenis_sembako": "Tomat", "satuan": 1}}, {"model": "sishasembapo.sembako", "pk": 51, "fields": {"nama_sembako": 27, "jenis_sembako": "Wortel", "satuan": 1}}, {"model": "sishasembapo.sembako", "pk": 52, "fields": {"nama_sembako": 27, "jenis_sembako": "Buncis", "satuan": 1}}, {"model": "sishasembapo.harga", "pk": 1, "fields": {"tanggal": "2020-01-01", "nama_sembako": 28, "nama_pasar": 1, "nominal": 10000, "validasi": true}}, {"model": "sishasembapo.harga", "pk": 2, "fields": {"tanggal": "2020-01-02", "nama_sembako": 28, "nama_pasar": 1, "nominal": 10200, "validasi": true}}, {"model": "sishasembapo.harga", "pk": 3, "fields": {"tanggal": "2020-01-03", "nama_sembako": 28, "nama_pasar": 1, "nominal": 10500, "validasi": true}}, {"model": "sishasembapo.harga", "pk": 4, "fields": {"tanggal": "2020-01-04", "nama_sembako": 28, "nama_pasar": 1, "nominal": 8800, "validasi": true}}, {"model": "sishasembapo.harga", "pk": 5, "fields": {"tanggal": "2020-01-05", "nama_sembako": 28, "nama_pasar": 1, "nominal": 12000, "validasi": true}}, {"model": "sishasembapo.harga", "pk": 6, "fields": {"tanggal": "2020-01-06", "nama_sembako": 28, "nama_pasar": 1, "nominal": 11500, "validasi": true}}, {"model": "sishasembapo.harga", "pk": 7, "fields": {"tanggal": "2020-01-07", "nama_sembako": 28, "nama_pasar": 1, "nominal": 30000, "validasi": true}}, {"model": "sishasembapo.harga", "pk": 8, "fields": {"tanggal": "2020-01-08", "nama_sembako": 28, "nama_pasar": 1, "nominal": 55000, "validasi": true}}, {"model": "sishasembapo.harga", "pk": 9, "fields": {"tanggal": "2020-01-09", "nama_sembako": 28, "nama_pasar": 1, "nominal": 100000, "validasi": true}}, {"model": "sishasembapo.harga", "pk": 10, "fields": {"tanggal": "2020-01-10", "nama_sembako": 28, "nama_pasar": 1, "nominal": 22000, "validasi": true}}, {"model": "sishasembapo.harga", "pk": 11, "fields": {"tanggal": "2020-01-11", "nama_sembako": 28, "nama_pasar": 1, "nominal": 2000, "validasi": true}}, {"model": "sishasembapo.harga", "pk": 12, "fields": {"tanggal": "2020-01-12", "nama_sembako": 28, "nama_pasar": 1, "nominal": 20000, "validasi": true}}, {"model": "sishasembapo.harga", "pk": 13, "fields": {"tanggal": "2020-01-13", "nama_sembako": 28, "nama_pasar": 1, "nominal": 23000, "validasi": true}}, {"model": "sishasembapo.harga", "pk": 14, "fields": {"tanggal": "2020-01-14", "nama_sembako": 28, "nama_pasar": 1, "nominal": 25000, "validasi": true}}, {"model": "sishasembapo.harga", "pk": 15, "fields": {"tanggal": "2020-01-15", "nama_sembako": 28, "nama_pasar": 1, "nominal": 35000, "validasi": true}}, {"model": "sishasembapo.harga", "pk": 16, "fields": {"tanggal": "2020-01-16", "nama_sembako": 28, "nama_pasar": 1, "nominal": 25000, "validasi": true}}, {"model": "sishasembapo.harga", "pk": 17, "fields": {"tanggal": "2020-01-17", "nama_sembako": 28, "nama_pasar": 1, "nominal": 25000, "validasi": true}}, {"model": "sishasembapo.harga", "pk": 18, "fields": {"tanggal": "2020-01-18", "nama_sembako": 28, "nama_pasar": 1, "nominal": 18000, "validasi": true}}, {"model": "sishasembapo.harga", "pk": 19, "fields": {"tanggal": "2020-01-19", "nama_sembako": 28, "nama_pasar": 1, "nominal": 26000, "validasi": true}}, {"model": "sishasembapo.harga", "pk": 20, "fields": {"tanggal": "2020-01-20", "nama_sembako": 28, "nama_pasar": 1, "nominal": 4000, "validasi": true}}, {"model": "sishasembapo.harga", "pk": 21, "fields": {"tanggal": "2020-01-21", "nama_sembako": 28, "nama_pasar": 1, "nominal": 7000, "validasi": true}}, {"model": "sishasembapo.harga", "pk": 22, "fields": {"tanggal": "2020-01-22", "nama_sembako": 28, "nama_pasar": 1, "nominal": 13000, "validasi": true}}, {"model": "sishasembapo.harga", "pk": 23, "fields": {"tanggal": "2020-01-23", "nama_sembako": 28, "nama_pasar": 1, "nominal": 10000, "validasi": true}}, {"model": "sishasembapo.harga", "pk": 24, "fields": {"tanggal": "2020-01-24", "nama_sembako": 28, "nama_pasar": 1, "nominal": 9000, "validasi": true}}, {"model": "sishasembapo.harga", "pk": 25, "fields": {"tanggal": "2020-01-25", "nama_sembako": 28, "nama_pasar": 1, "nominal": 20000, "validasi": true}}, {"model": "sishasembapo.harga", "pk": 26, "fields": {"tanggal": "2020-01-26", "nama_sembako": 28, "nama_pasar": 1, "nominal": 10000, "validasi": true}}, {"model": "sishasembapo.harga", "pk": 27, "fields": {"tanggal": "2020-01-27", "nama_sembako": 28, "nama_pasar": 1, "nominal": 10500, "validasi": true}}, {"model": "sishasembapo.harga", "pk": 28, "fields": {"tanggal": "2020-01-28", "nama_sembako": 28, "nama_pasar": 1, "nominal": 10000, "validasi": true}}, {"model": "sishasembapo.harga", "pk": 29, "fields": {"tanggal": "2020-01-29", "nama_sembako": 28, "nama_pasar": 1, "nominal": 9000, "validasi": true}}, {"model": "sishasembapo.harga", "pk": 30, "fields": {"tanggal": "2020-01-30", "nama_sembako": 28, "nama_pasar": 1, "nominal": 12000, "validasi": true}}, {"model": "sishasembapo.harga", "pk": 31, "fields": {"tanggal": "2020-01-31", "nama_sembako": 28, "nama_pasar": 1, "nominal": 11500, "validasi": true}}, {"model": "sishasembapo.harga", "pk": 32, "fields": {"tanggal": "2020-02-01", "nama_sembako": 28, "nama_pasar": 1, "nominal": 30000, "validasi": true}}, {"model": "sishasembapo.harga", "pk": 33, "fields": {"tanggal": "2020-02-02", "nama_sembako": 28, "nama_pasar": 1, "nominal": 55000, "validasi": true}}, {"model": "sishasembapo.harga", "pk": 34, "fields": {"tanggal": "2020-02-03", "nama_sembako": 28, "nama_pasar": 1, "nominal": 100000, "validasi": true}}, {"model": "sishasembapo.harga", "pk": 35, "fields": {"tanggal": "2020-02-04", "nama_sembako": 28, "nama_pasar": 1, "nominal": 22500, "validasi": true}}, {"model": "sishasembapo.harga", "pk": 36, "fields": {"tanggal": "2020-02-05", "nama_sembako": 28, "nama_pasar": 1, "nominal": 2000, "validasi": true}}, {"model": "sishasembapo.harga", "pk": 37, "fields": {"tanggal": "2020-02-06", "nama_sembako": 28, "nama_pasar": 1, "nominal": 20000, "validasi": true}}, {"model": "sishasembapo.harga", "pk": 38, "fields": {"tanggal": "2020-02-07", "nama_sembako": 28, "nama_pasar": 1, "nominal": 23000, "validasi": true}}, {"model": "sishasembapo.harga", "pk": 39, "fields": {"tanggal": "2020-02-08", "nama_sembako": 28, "nama_pasar": 1, "nominal": 25000, "validasi": true}}, {"model": "sishasembapo.harga", "pk": 40, "fields": {"tanggal": "2020-02-09", "nama_sembako": 28, "nama_pasar": 1, "nominal": 35000, "validasi": true}}, {"model": "sishasembapo.harga", "pk": 41, "fields": {"tanggal": "2020-02-10", "nama_sembako": 28, "nama_pasar": 1, "nominal": 25000, "validasi": true}}, {"model": "sishasembapo.harga", "pk": 42, "fields": {"tanggal": "2020-02-11", "nama_sembako": 28, "nama_pasar": 1, "nominal": 25000, "validasi": true}}, {"model": "sishasembapo.harga", "pk": 43, "fields": {"tanggal": "2020-02-12", "nama_sembako": 28, "nama_pasar": 1, "nominal": 17000, "validasi": true}}, {"model": "sishasembapo.harga", "pk": 44, "fields": {"tanggal": "2020-02-13", "nama_sembako": 28, "nama_pasar": 1, "nominal": 25000, "validasi": true}}, {"model": "sishasembapo.harga", "pk": 45, "fields": {"tanggal": "2020-02-14", "nama_sembako": 28, "nama_pasar": 1, "nominal": 4000, "validasi": true}}, {"model": "sishasembapo.harga", "pk": 46, "fields": {"tanggal": "2020-02-15", "nama_sembako": 28, "nama_pasar": 1, "nominal": 7000, "validasi": true}}, {"model": "sishasembapo.harga", "pk": 47, "fields": {"tanggal": "2020-02-16", "nama_sembako": 28, "nama_pasar": 1, "nominal": 13000, "validasi": true}}, {"model": "sishasembapo.harga", "pk": 48, "fields": {"tanggal": "2020-02-17", "nama_sembako": 28, "nama_pasar": 1, "nominal": 10000, "validasi": true}}, {"model": "sishasembapo.harga", "pk": 49, "fields": {"tanggal": "2020-02-18", "nama_sembako": 28, "nama_pasar": 1, "nominal": 9000, "validasi": true}}, {"model": "sishasembapo.harga", "pk": 50, "fields": {"tanggal": "2020-02-19", "nama_sembako": 28, "nama_pasar": 1, "nominal": 20000, "validasi": true}}, {"model": "sishasembapo.harga", "pk": 51, "fields": {"tanggal": "2020-02-21", "nama_sembako": 28, "nama_pasar": 1, "nominal": 100000, "validasi": true}}, {"model": "sishasembapo.harga", "pk": 52, "fields": {"tanggal": "2020-02-21", "nama_sembako": 28, "nama_pasar": 1, "nominal": 10200, "validasi": true}}, {"model": "sishasembapo.harga", "pk": 53, "fields": {"tanggal": "2020-02-22", "nama_sembako": 28, "nama_pasar": 1, "nominal": 10500, "validasi": true}}, {"model": "sishasembapo.harga", "pk": 54, "fields": {"tanggal": "2020-02-23", "nama_sembako": 28, "nama_pasar": 1, "nominal": 9000, "validasi": true}}, {"model": "sishasembapo.harga", "pk": 55, "fields": {"tanggal": "2020-02-24", "nama_sembako": 28, "nama_pasar": 1, "nominal": 12000, "validasi": true}}, {"model": "sishasembapo.harga", "pk": 56, "fields": {"tanggal": "2020-02-25", "nama_sembako": 28, "nama_pasar": 1, "nominal": 11500, "validasi": true}}, {"model": "sishasembapo.harga", "pk": 57, "fields": {"tanggal": "2020-02-26", "nama_sembako": 28, "nama_pasar": 1, "nominal": 30000, "validasi": true}}, {"model": "sishasembapo.harga", "pk": 58, "fields": {"tanggal": "2020-02-27", "nama_sembako": 28, "nama_pasar": 1, "nominal": 53000, "validasi": true}}, {"model": "sishasembapo.harga", "pk": 59, "fields": {"tanggal": "2020-02-28", "nama_sembako": 28, "nama_pasar": 1, "nominal": 100000, "validasi": true}}, {"model": "sishasembapo.harga", "pk": 60, "fields": {"tanggal": "2020-02-29", "nama_sembako": 28, "nama_pasar": 1, "nominal": 22500, "validasi": true}}, {"model": "sishasembapo.harga", "pk": 61, "fields": {"tanggal": "2020-03-01", "nama_sembako": 28, "nama_pasar": 1, "nominal": 2000, "validasi": true}}, {"model": "sishasembapo.harga", "pk": 62, "fields": {"tanggal": "2020-03-02", "nama_sembako": 28, "nama_pasar": 1, "nominal": 20000, "validasi": true}}, {"model": "sishasembapo.harga", "pk": 63, "fields": {"tanggal": "2020-03-03", "nama_sembako": 28, "nama_pasar": 1, "nominal": 23000, "validasi": true}}, {"model": "sishasembapo.harga", "pk": 64, "fields": {"tanggal": "2020-03-04", "nama_sembako": 28, "nama_pasar": 1, "nominal": 25000, "validasi": true}}, {"model": "sishasembapo.harga", "pk": 65, "fields": {"tanggal": "2020-03-05", "nama_sembako": 28, "nama_pasar": 1, "nominal": 34000, "validasi": true}}, {"model": "sishasembapo.harga", "pk": 66, "fields": {"tanggal": "2020-03-06", "nama_sembako": 28, "nama_pasar": 1, "nominal": 25000, "validasi": true}}, {"model": "sishasembapo.harga", "pk": 67, "fields": {"tanggal": "2020-03-07", "nama_sembako": 28, "nama_pasar": 1, "nominal": 25000, "validasi": true}}, {"model": "sishasembapo.harga", "pk": 68, "fields": {"tanggal": "2020-03-08", "nama_sembako": 28, "nama_pasar": 1, "nominal": 17000, "validasi": true}}, {"model": "sishasembapo.harga", "pk": 69, "fields": {"tanggal": "2020-03-09", "nama_sembako": 28, "nama_pasar": 1, "nominal": 25000, "validasi": true}}, {"model": "sishasembapo.harga", "pk": 70, "fields": {"tanggal": "2020-03-10", "nama_sembako": 28, "nama_pasar": 1, "nominal": 4000, "validasi": true}}, {"model": "sishasembapo.harga", "pk": 71, "fields": {"tanggal": "2020-03-11", "nama_sembako": 28, "nama_pasar": 1, "nominal": 7000, "validasi": true}}, {"model": "sishasembapo.harga", "pk": 72, "fields": {"tanggal": "2020-03-12", "nama_sembako": 28, "nama_pasar": 1, "nominal": 13000, "validasi": true}}, {"model": "sishasembapo.harga", "pk": 73, "fields": {"tanggal": "2020-03-13", "nama_sembako": 28, "nama_pasar": 1, "nominal": 10000, "validasi": true}}, {"model": "sishasembapo.harga", "pk": 74, "fields": {"tanggal": "2020-03-14", "nama_sembako": 28, "nama_pasar": 1, "nominal": 9000, "validasi": true}}, {"model": "sishasembapo.harga", "pk": 75, "fields": {"tanggal": "2020-03-15", "nama_sembako": 28, "nama_pasar": 1, "nominal": 20000, "validasi": true}}, {"model": "sishasembapo.harga", "pk": 76, "fields": {"tanggal": "2020-03-16", "nama_sembako": 28, "nama_pasar": 1, "nominal": 10000, "validasi": true}}, {"model": "sishasembapo.harga", "pk": 77, "fields": {"tanggal": "2020-03-17", "nama_sembako": 28, "nama_pasar": 1, "nominal": 10500, "validasi": true}}, {"model": "sishasembapo.harga", "pk": 78, "fields": {"tanggal": "2020-03-18", "nama_sembako": 28, "nama_pasar": 1, "nominal": 10500, "validasi": true}}, {"model": "sishasembapo.harga", "pk": 79, "fields": {"tanggal": "2020-03-19", "nama_sembako": 28, "nama_pasar": 1, "nominal": 9000, "validasi": true}}, {"model": "sishasembapo.harga", "pk": 80, "fields": {"tanggal": "2020-03-20", "nama_sembako": 28, "nama_pasar": 1, "nominal": 12000, "validasi": true}}, {"model": "sishasembapo.harga", "pk": 81, "fields": {"tanggal": "2020-03-21", "nama_sembako": 28, "nama_pasar": 1, "nominal": 11500, "validasi": true}}, {"model": "sishasembapo.harga", "pk": 82, "fields": {"tanggal": "2020-03-22", "nama_sembako": 28, "nama_pasar": 1, "nominal": 31000, "validasi": true}}, {"model": "sishasembapo.harga", "pk": 83, "fields": {"tanggal": "2020-03-23", "nama_sembako": 28, "nama_pasar": 1, "nominal": 54000, "validasi": true}}, {"model": "sishasembapo.harga", "pk": 84, "fields": {"tanggal": "2020-03-24", "nama_sembako": 28, "nama_pasar": 1, "nominal": 100000, "validasi": true}}, {"model": "sishasembapo.harga", "pk": 85, "fields": {"tanggal": "2020-03-25", "nama_sembako": 28, "nama_pasar": 1, "nominal": 22500, "validasi": true}}, {"model": "sishasembapo.harga", "pk": 86, "fields": {"tanggal": "2020-03-26", "nama_sembako": 28, "nama_pasar": 1, "nominal": 2000, "validasi": true}}, {"model": "sishasembapo.harga", "pk": 87, "fields": {"tanggal": "2020-03-27", "nama_sembako": 28, "nama_pasar": 1, "nominal": 20000, "validasi": true}}, {"model": "sishasembapo.harga", "pk": 88, "fields": {"tanggal": "2020-03-28", "nama_sembako": 28, "nama_pasar": 1, "nominal": 23000, "validasi": true}}, {"model": "sishasembapo.harga", "pk": 89, "fields": {"tanggal": "2020-03-29", "nama_sembako": 28, "nama_pasar": 1, "nominal": 30000, "validasi": true}}, {"model": "sishasembapo.harga", "pk": 90, "fields": {"tanggal": "2020-03-30", "nama_sembako": 28, "nama_pasar": 1, "nominal": 33000, "validasi": true}}, {"model": "sishasembapo.harga", "pk": 91, "fields": {"tanggal": "2020-03-31", "nama_sembako": 28, "nama_pasar": 1, "nominal": 25000, "validasi": true}}, {"model": "sishasembapo.harga", "pk": 92, "fields": {"tanggal": "2020-04-01", "nama_sembako": 28, "nama_pasar": 1, "nominal": 25000, "validasi": true}}, {"model": "sishasembapo.harga", "pk": 93, "fields": {"tanggal": "2020-04-02", "nama_sembako": 28, "nama_pasar": 1, "nominal": 17000, "validasi": true}}, {"model": "sishasembapo.harga", "pk": 94, "fields": {"tanggal": "2020-04-03", "nama_sembako": 28, "nama_pasar": 1, "nominal": 25000, "validasi": true}}, {"model": "sishasembapo.harga", "pk": 95, "fields": {"tanggal": "2020-04-04", "nama_sembako": 28, "nama_pasar": 1, "nominal": 4000, "validasi": true}}, {"model": "sishasembapo.harga", "pk": 96, "fields": {"tanggal": "2020-04-05", "nama_sembako": 28, "nama_pasar": 1, "nominal": 7000, "validasi": true}}, {"model": "sishasembapo.harga", "pk": 97, "fields": {"tanggal": "2020-04-06", "nama_sembako": 28, "nama_pasar": 1, "nominal": 13000, "validasi": true}}, {"model": "sishasembapo.harga", "pk": 98, "fields": {"tanggal": "2020-04-07", "nama_sembako": 28, "nama_pasar": 1, "nominal": 10000, "validasi": true}}, {"model": "sishasembapo.harga", "pk": 99, "fields": {"tanggal": "2020-04-08", "nama_sembako": 28, "nama_pasar": 1, "nominal": 9000, "validasi": true}}, {"model": "sishasembapo.harga", "pk": 100, "fields": {"tanggal": "2020-04-09", "nama_sembako": 28, "nama_pasar": 1, "nominal": 20000, "validasi": true}}, {"model": "sishasembapo.harga", "pk": 101, "fields": {"tanggal": "2020-04-10", "nama_sembako": 28, "nama_pasar": 1, "nominal": 10000, "validasi": true}}, {"model": "sishasembapo.harga", "pk": 102, "fields": {"tanggal": "2020-04-11", "nama_sembako": 28, "nama_pasar": 1, "nominal": 10500, "validasi": true}}, {"model": "sishasembapo.harga", "pk": 103, "fields": {"tanggal": "2020-04-12", "nama_sembako": 28, "nama_pasar": 1, "nominal": 10500, "validasi": true}}, {"model": "sishasembapo.harga", "pk": 104, "fields": {"tanggal": "2020-04-13", "nama_sembako": 28, "nama_pasar": 1, "nominal": 9000, "validasi": true}}, {"model": "sishasembapo.harga", "pk": 105, "fields": {"tanggal": "2020-04-14", "nama_sembako": 28, "nama_pasar": 1, "nominal": 12000, "validasi": true}}, {"model": "sishasembapo.harga", "pk": 106, "fields": {"tanggal": "2020-04-15", "nama_sembako": 28, "nama_pasar": 1, "nominal": 11500, "validasi": true}}, {"model": "sishasembapo.harga", "pk": 107, "fields": {"tanggal": "2020-04-16", "nama_sembako": 28, "nama_pasar": 1, "nominal": 31000, "validasi": true}}, {"model": "sishasembapo.harga", "pk": 108, "fields": {"tanggal": "2020-04-17", "nama_sembako": 28, "nama_pasar": 1, "nominal": 53000, "validasi": true}}, {"model": "sishasembapo.harga", "pk": 109, "fields": {"tanggal": "2020-04-18", "nama_sembako": 28, "nama_pasar": 1, "nominal": 100000, "validasi": true}}, {"model": "sishasembapo.harga", "pk": 110, "fields": {"tanggal": "2020-04-19", "nama_sembako": 28, "nama_pasar": 1, "nominal": 22000, "validasi": true}}, {"model": "sishasembapo.harga", "pk": 111, "fields": {"tanggal": "2020-04-20", "nama_sembako": 28, "nama_pasar": 1, "nominal": 2000, "validasi": true}}, {"model": "sishasembapo.harga", "pk": 112, "fields": {"tanggal": "2020-04-21", "nama_sembako": 28, "nama_pasar": 1, "nominal": 20000, "validasi": true}}, {"model": "sishasembapo.harga", "pk": 113, "fields": {"tanggal": "2020-04-22", "nama_sembako": 28, "nama_pasar": 1, "nominal": 23000, "validasi": true}}, {"model": "sishasembapo.harga", "pk": 114, "fields": {"tanggal": "2020-04-23", "nama_sembako": 28, "nama_pasar": 1, "nominal": 30000, "validasi": true}}, {"model": "sishasembapo.harga", "pk": 115, "fields": {"tanggal": "2020-04-24", "nama_sembako": 28, "nama_pasar": 1, "nominal": 33000, "validasi": true}}, {"model": "sishasembapo.harga", "pk": 116, "fields": {"tanggal": "2020-04-25", "nama_sembako": 28, "nama_pasar": 1, "nominal": 25000, "validasi": true}}, {"model": "sishasembapo.harga", "pk": 117, "fields": {"tanggal": "2020-04-26", "nama_sembako": 28, "nama_pasar": 1, "nominal": 25000, "validasi": true}}, {"model": "sishasembapo.harga", "pk": 118, "fields": {"tanggal": "2020-04-27", "nama_sembako": 28, "nama_pasar": 1, "nominal": 17000, "validasi": true}}, {"model": "sishasembapo.harga", "pk": 119, "fields": {"tanggal": "2020-04-28", "nama_sembako": 28, "nama_pasar": 1, "nominal": 25000, "validasi": true}}, {"model": "sishasembapo.harga", "pk": 120, "fields": {"tanggal": "2020-04-29", "nama_sembako": 28, "nama_pasar": 1, "nominal": 4000, "validasi": true}}, {"model": "sishasembapo.harga", "pk": 121, "fields": {"tanggal": "2020-04-30", "nama_sembako": 28, "nama_pasar": 1, "nominal": 7000, "validasi": true}}, {"model": "sishasembapo.harga", "pk": 122, "fields": {"tanggal": "2020-05-01", "nama_sembako": 28, "nama_pasar": 1, "nominal": 12000, "validasi": true}}, {"model": "sishasembapo.harga", "pk": 123, "fields": {"tanggal": "2020-05-02", "nama_sembako": 28, "nama_pasar": 1, "nominal": 10000, "validasi": true}}, {"model": "sishasembapo.harga", "pk": 124, "fields": {"tanggal": "2020-05-03", "nama_sembako": 28, "nama_pasar": 1, "nominal": 9000, "validasi": true}}, {"model": "sishasembapo.harga", "pk": 125, "fields": {"tanggal": "2020-05-04", "nama_sembako": 28, "nama_pasar": 1, "nominal": 20000, "validasi": true}}, {"model": "sishasembapo.harga", "pk": 126, "fields": {"tanggal": "2020-05-05", "nama_sembako": 28, "nama_pasar": 1, "nominal": 10000, "validasi": true}}, {"model": "sishasembapo.harga", "pk": 127, "fields": {"tanggal": "2020-05-06", "nama_sembako": 28, "nama_pasar": 1, "nominal": 10500, "validasi": true}}, {"model": "sishasembapo.harga", "pk": 128, "fields": {"tanggal": "2020-05-07", "nama_sembako": 28, "nama_pasar": 1, "nominal": 10500, "validasi": true}}, {"model": "sishasembapo.harga", "pk": 129, "fields": {"tanggal": "2020-05-08", "nama_sembako": 28, "nama_pasar": 1, "nominal": 9000, "validasi": true}}, {"model": "sishasembapo.harga", "pk": 130, "fields": {"tanggal": "2020-05-09", "nama_sembako": 28, "nama_pasar": 1, "nominal": 12000, "validasi": true}}, {"model": "sishasembapo.harga", "pk": 131, "fields": {"tanggal": "2020-05-10", "nama_sembako": 28, "nama_pasar": 1, "nominal": 11500, "validasi": true}}, {"model": "sishasembapo.harga", "pk": 132, "fields": {"tanggal": "2020-05-11", "nama_sembako": 28, "nama_pasar": 1, "nominal": 32000, "validasi": true}}, {"model": "sishasembapo.harga", "pk": 133, "fields": {"tanggal": "2020-05-12", "nama_sembako": 28, "nama_pasar": 1, "nominal": 54000, "validasi": true}}, {"model": "sishasembapo.harga", "pk": 134, "fields": {"tanggal": "2020-05-13", "nama_sembako": 28, "nama_pasar": 1, "nominal": 100000, "validasi": true}}, {"model": "sishasembapo.harga", "pk": 135, "fields": {"tanggal": "2020-05-14", "nama_sembako": 28, "nama_pasar": 1, "nominal": 23000, "validasi": true}}, {"model": "sishasembapo.harga", "pk": 136, "fields": {"tanggal": "2020-05-15", "nama_sembako": 28, "nama_pasar": 1, "nominal": 2000, "validasi": true}}, {"model": "sishasembapo.harga", "pk": 137, "fields": {"tanggal": "2020-05-16", "nama_sembako": 28, "nama_pasar": 1, "nominal": 20000, "validasi": true}}, {"model": "sishasembapo.harga", "pk": 138, "fields": {"tanggal": "2020-05-17", "nama_sembako": 28, "nama_pasar": 1, "nominal": 23000, "validasi": true}}, {"model": "sishasembapo.harga", "pk": 139, "fields": {"tanggal": "2020-05-18", "nama_sembako": 28, "nama_pasar": 1, "nominal": 35000, "validasi": true}}, {"model": "sishasembapo.harga", "pk": 140, "fields": {"tanggal": "2020-05-19", "nama_sembako": 28, "nama_pasar": 1, "nominal": 35000, "validasi": true}}, {"model": "sishasembapo.harga", "pk": 141, "fields": {"tanggal": "2020-05-20", "nama_sembako": 28, "nama_pasar": 1, "nominal": 26000, "validasi": true}}, {"model": "sishasembapo.harga", "pk": 142, "fields": {"tanggal": "2020-05-21", "nama_sembako": 28, "nama_pasar": 1, "nominal": 25000, "validasi": true}}, {"model": "sishasembapo.harga", "pk": 143, "fields": {"tanggal": "2020-05-22", "nama_sembako": 28, "nama_pasar": 1, "nominal": 17000, "validasi": true}}, {"model": "sishasembapo.harga", "pk": 144, "fields": {"tanggal": "2020-05-23", "nama_sembako": 28, "nama_pasar": 1, "nominal": 25000, "validasi": true}}, {"model": "sishasembapo.harga", "pk": 145, "fields": {"tanggal": "2020-05-24", "nama_sembako": 28, "nama_pasar": 1, "nominal": 4000, "validasi": true}}, {"model": "sishasembapo.harga", "pk": 146, "fields": {"tanggal": "2020-05-25", "nama_sembako": 28, "nama_pasar": 1, "nominal": 7000, "validasi": true}}, {"model": "sishasembapo.harga", "pk": 147, "fields": {"tanggal": "2020-05-26", "nama_sembako": 28, "nama_pasar": 1, "nominal": 13000, "validasi": true}}, {"model": "sishasembapo.harga", "pk": 148, "fields": {"tanggal": "2020-05-27", "nama_sembako": 28, "nama_pasar": 1, "nominal": 10000, "validasi": true}}, {"model": "sishasembapo.harga", "pk": 149, "fields": {"tanggal": "2020-05-28", "nama_sembako": 28, "nama_pasar": 1, "nominal": 9000, "validasi": true}}, {"model": "sishasembapo.harga", "pk": 150, "fields": {"tanggal": "2020-05-29", "nama_sembako": 28, "nama_pasar": 1, "nominal": 20000, "validasi": true}}, {"model": "sishasembapo.harga", "pk": 151, "fields": {"tanggal": "2020-05-30", "nama_sembako": 28, "nama_pasar": 1, "nominal": 20000, "validasi": true}}, {"model": "sishasembapo.harga", "pk": 152, "fields": {"tanggal": "2020-05-31", "nama_sembako": 28, "nama_pasar": 1, "nominal": 10000, "validasi": true}}, {"model": "sishasembapo.harga", "pk": 153, "fields": {"tanggal": "2020-06-01", "nama_sembako": 28, "nama_pasar": 1, "nominal": 10500, "validasi": true}}, {"model": "sishasembapo.harga", "pk": 154, "fields": {"tanggal": "2020-06-02", "nama_sembako": 28, "nama_pasar": 1, "nominal": 10000, "validasi": true}}, {"model": "sishasembapo.harga", "pk": 155, "fields": {"tanggal": "2020-06-03", "nama_sembako": 28, "nama_pasar": 1, "nominal": 9000, "validasi": true}}, {"model": "sishasembapo.harga", "pk": 156, "fields": {"tanggal": "2020-06-04", "nama_sembako": 28, "nama_pasar": 1, "nominal": 12000, "validasi": true}}, {"model": "sishasembapo.harga", "pk": 157, "fields": {"tanggal": "2020-06-05", "nama_sembako": 28, "nama_pasar": 1, "nominal": 11500, "validasi": true}}, {"model": "sishasembapo.harga", "pk": 158, "fields": {"tanggal": "2020-06-06", "nama_sembako": 28, "nama_pasar": 1, "nominal": 30000, "validasi": true}}, {"model": "sishasembapo.harga", "pk": 159, "fields": {"tanggal": "2020-06-07", "nama_sembako": 28, "nama_pasar": 1, "nominal": 55000, "validasi": true}}, {"model": "sishasembapo.harga", "pk": 160, "fields": {"tanggal": "2020-06-08", "nama_sembako": 28, "nama_pasar": 1, "nominal": 100000, "validasi": true}}, {"model": "sishasembapo.harga", "pk": 161, "fields": {"tanggal": "2020-06-09", "nama_sembako": 28, "nama_pasar": 1, "nominal": 22500, "validasi": true}}, {"model": "sishasembapo.harga", "pk": 162, "fields": {"tanggal": "2020-06-10", "nama_sembako": 28, "nama_pasar": 1, "nominal": 2000, "validasi": true}}, {"model": "sishasembapo.harga", "pk": 163, "fields": {"tanggal": "2020-06-11", "nama_sembako": 28, "nama_pasar": 1, "nominal": 20000, "validasi": true}}, {"model": "sishasembapo.harga", "pk": 164, "fields": {"tanggal": "2020-06-12", "nama_sembako": 28, "nama_pasar": 1, "nominal": 23000, "validasi": true}}, {"model": "sishasembapo.harga", "pk": 165, "fields": {"tanggal": "2020-06-13", "nama_sembako": 28, "nama_pasar": 1, "nominal": 25000, "validasi": true}}, {"model": "sishasembapo.harga", "pk": 166, "fields": {"tanggal": "2020-06-14", "nama_sembako": 28, "nama_pasar": 1, "nominal": 35000, "validasi": true}}, {"model": "sishasembapo.harga", "pk": 167, "fields": {"tanggal": "2020-06-15", "nama_sembako": 28, "nama_pasar": 1, "nominal": 25000, "validasi": true}}, {"model": "sishasembapo.harga", "pk": 168, "fields": {"tanggal": "2020-06-16", "nama_sembako": 28, "nama_pasar": 1, "nominal": 25000, "validasi": true}}, {"model": "sishasembapo.harga", "pk": 169, "fields": {"tanggal": "2020-06-17", "nama_sembako": 28, "nama_pasar": 1, "nominal": 17000, "validasi": true}}, {"model": "sishasembapo.harga", "pk": 170, "fields": {"tanggal": "2020-06-18", "nama_sembako": 28, "nama_pasar": 1, "nominal": 25000, "validasi": true}}, {"model": "sishasembapo.harga", "pk": 171, "fields": {"tanggal": "2020-06-19", "nama_sembako": 28, "nama_pasar": 1, "nominal": 4000, "validasi": true}}, {"model": "sishasembapo.harga", "pk": 172, "fields": {"tanggal": "2020-06-20", "nama_sembako": 28, "nama_pasar": 1, "nominal": 7000, "validasi": true}}, {"model": "sishasembapo.harga", "pk": 173, "fields": {"tanggal": "2020-06-21", "nama_sembako": 28, "nama_pasar": 1, "nominal": 13000, "validasi": true}}, {"model": "sishasembapo.harga", "pk": 174, "fields": {"tanggal": "2020-06-22", "nama_sembako": 28, "nama_pasar": 1, "nominal": 10000, "validasi": true}}, {"model": "sishasembapo.harga", "pk": 175, "fields": {"tanggal": "2020-06-23", "nama_sembako": 28, "nama_pasar": 1, "nominal": 9000, "validasi": true}}, {"model": "sishasembapo.harga", "pk": 176, "fields": {"tanggal": "2020-06-24", "nama_sembako": 28, "nama_pasar": 1, "nominal": 20000, "validasi": true}}, {"model": "sishasembapo.harga", "pk": 177, "fields": {"tanggal": "2020-06-25", "nama_sembako": 28, "nama_pasar": 1, "nominal": 10000, "validasi": true}}, {"model": "sishasembapo.harga", "pk": 178, "fields": {"tanggal": "2020-06-26", "nama_sembako": 28, "nama_pasar": 1, "nominal": 10200, "validasi": true}}, {"model": "sishasembapo.harga", "pk": 179, "fields": {"tanggal": "2020-06-27", "nama_sembako": 28, "nama_pasar": 1, "nominal": 10500, "validasi": true}}, {"model": "sishasembapo.harga", "pk": 180, "fields": {"tanggal": "2020-06-28", "nama_sembako": 28, "nama_pasar": 1, "nominal": 9000, "validasi": true}}, {"model": "sishasembapo.harga", "pk": 181, "fields": {"tanggal": "2020-06-29", "nama_sembako": 28, "nama_pasar": 1, "nominal": 12000, "validasi": true}}, {"model": "sishasembapo.harga", "pk": 182, "fields": {"tanggal": "2020-06-30", "nama_sembako": 28, "nama_pasar": 1, "nominal": 11500, "validasi": true}}, {"model": "sishasembapo.harga", "pk": 183, "fields": {"tanggal": "2020-07-01", "nama_sembako": 28, "nama_pasar": 1, "nominal": 30000, "validasi": true}}, {"model": "sishasembapo.harga", "pk": 184, "fields": {"tanggal": "2020-07-02", "nama_sembako": 28, "nama_pasar": 1, "nominal": 53000, "validasi": true}}, {"model": "sishasembapo.harga", "pk": 185, "fields": {"tanggal": "2020-07-03", "nama_sembako": 28, "nama_pasar": 1, "nominal": 100000, "validasi": true}}, {"model": "sishasembapo.harga", "pk": 186, "fields": {"tanggal": "2020-07-04", "nama_sembako": 28, "nama_pasar": 1, "nominal": 22500, "validasi": true}}, {"model": "sishasembapo.harga", "pk": 187, "fields": {"tanggal": "2020-07-05", "nama_sembako": 28, "nama_pasar": 1, "nominal": 2000, "validasi": true}}, {"model": "sishasembapo.harga", "pk": 188, "fields": {"tanggal": "2020-07-06", "nama_sembako": 28, "nama_pasar": 1, "nominal": 20000, "validasi": true}}, {"model": "sishasembapo.harga", "pk": 189, "fields": {"tanggal": "2020-07-07", "nama_sembako": 28, "nama_pasar": 1, "nominal": 23000, "validasi": true}}, {"model": "sishasembapo.harga", "pk": 190, "fields": {"tanggal": "2020-07-08", "nama_sembako": 28, "nama_pasar": 1, "nominal": 25000, "validasi": true}}, {"model": "sishasembapo.harga", "pk": 191, "fields": {"tanggal": "2020-07-09", "nama_sembako": 28, "nama_pasar": 1, "nominal": 34000, "validasi": true}}, {"model": "sishasembapo.harga", "pk": 192, "fields": {"tanggal": "2020-07-10", "nama_sembako": 28, "nama_pasar": 1, "nominal": 25000, "validasi": true}}, {"model": "sishasembapo.harga", "pk": 193, "fields": {"tanggal": "2020-07-11", "nama_sembako": 28, "nama_pasar": 1, "nominal": 25000, "validasi": true}}, {"model": "sishasembapo.harga", "pk": 194, "fields": {"tanggal": "2020-07-12", "nama_sembako": 28, "nama_pasar": 1, "nominal": 17000, "validasi": true}}, {"model": "sishasembapo.harga", "pk": 195, "fields": {"tanggal": "2020-07-13", "nama_sembako": 28, "nama_pasar": 1, "nominal": 25000, "validasi": true}}, {"model": "sishasembapo.harga", "pk": 196, "fields": {"tanggal": "2020-07-14", "nama_sembako": 28, "nama_pasar": 1, "nominal": 4000, "validasi": true}}, {"model": "sishasembapo.harga", "pk": 197, "fields": {"tanggal": "2020-07-15", "nama_sembako": 28, "nama_pasar": 1, "nominal": 7000, "validasi": true}}, {"model": "sishasembapo.harga", "pk": 198, "fields": {"tanggal": "2020-07-16", "nama_sembako": 28, "nama_pasar": 1, "nominal": 13000, "validasi": true}}, {"model": "sishasembapo.harga", "pk": 199, "fields": {"tanggal": "2020-07-17", "nama_sembako": 28, "nama_pasar": 1, "nominal": 10000, "validasi": true}}, {"model": "sishasembapo.harga", "pk": 200, "fields": {"tanggal": "2020-07-18", "nama_sembako": 28, "nama_pasar": 1, "nominal": 9000, "validasi": true}}, {"model": "sishasembapo.harga", "pk": 201, "fields": {"tanggal": "2020-07-19", "nama_sembako": 28, "nama_pasar": 1, "nominal": 20000, "validasi": true}}, {"model": "sishasembapo.harga", "pk": 202, "fields": {"tanggal": "2020-07-20", "nama_sembako": 28, "nama_pasar": 1, "nominal": 10000, "validasi": true}}, {"model": "sishasembapo.harga", "pk": 203, "fields": {"tanggal": "2020-07-21", "nama_sembako": 28, "nama_pasar": 1, "nominal": 10500, "validasi": true}}, {"model": "sishasembapo.harga", "pk": 204, "fields": {"tanggal": "2020-07-22", "nama_sembako": 28, "nama_pasar": 1, "nominal": 10500, "validasi": true}}, {"model": "sishasembapo.harga", "pk": 205, "fields": {"tanggal": "2020-07-23", "nama_sembako": 28, "nama_pasar": 1, "nominal": 9000, "validasi": true}}, {"model": "sishasembapo.harga", "pk": 206, "fields": {"tanggal": "2020-07-24", "nama_sembako": 28, "nama_pasar": 1, "nominal": 12000, "validasi": true}}, {"model": "sishasembapo.harga", "pk": 207, "fields": {"tanggal": "2020-07-25", "nama_sembako": 28, "nama_pasar": 1, "nominal": 11500, "validasi": true}}, {"model": "sishasembapo.harga", "pk": 208, "fields": {"tanggal": "2020-07-26", "nama_sembako": 28, "nama_pasar": 1, "nominal": 31000, "validasi": true}}, {"model": "sishasembapo.harga", "pk": 209, "fields": {"tanggal": "2020-07-27", "nama_sembako": 28, "nama_pasar": 1, "nominal": 54000, "validasi": true}}, {"model": "sishasembapo.harga", "pk": 210, "fields": {"tanggal": "2020-07-28", "nama_sembako": 28, "nama_pasar": 1, "nominal": 100000, "validasi": true}}, {"model": "sishasembapo.harga", "pk": 211, "fields": {"tanggal": "2020-07-29", "nama_sembako": 28, "nama_pasar": 1, "nominal": 22500, "validasi": true}}, {"model": "sishasembapo.harga", "pk": 212, "fields": {"tanggal": "2020-07-30", "nama_sembako": 28, "nama_pasar": 1, "nominal": 2000, "validasi": true}}, {"model": "sishasembapo.harga", "pk": 213, "fields": {"tanggal": "2020-07-31", "nama_sembako": 28, "nama_pasar": 1, "nominal": 20000, "validasi": true}}, {"model": "sishasembapo.harga", "pk": 214, "fields": {"tanggal": "2020-08-01", "nama_sembako": 28, "nama_pasar": 1, "nominal": 23000, "validasi": true}}, {"model": "sishasembapo.harga", "pk": 215, "fields": {"tanggal": "2020-08-02", "nama_sembako": 28, "nama_pasar": 1, "nominal": 30000, "validasi": true}}, {"model": "sishasembapo.harga", "pk": 216, "fields": {"tanggal": "2020-08-03", "nama_sembako": 28, "nama_pasar": 1, "nominal": 33000, "validasi": true}}, {"model": "sishasembapo.harga", "pk": 217, "fields": {"tanggal": "2020-08-04", "nama_sembako": 28, "nama_pasar": 1, "nominal": 25000, "validasi": true}}, {"model": "sishasembapo.harga", "pk": 218, "fields": {"tanggal": "2020-08-05", "nama_sembako": 28, "nama_pasar": 1, "nominal": 25000, "validasi": true}}, {"model": "sishasembapo.harga", "pk": 219, "fields": {"tanggal": "2020-08-06", "nama_sembako": 28, "nama_pasar": 1, "nominal": 17000, "validasi": true}}, {"model": "sishasembapo.harga", "pk": 220, "fields": {"tanggal": "2020-08-07", "nama_sembako": 28, "nama_pasar": 1, "nominal": 25000, "validasi": true}}, {"model": "sishasembapo.harga", "pk": 221, "fields": {"tanggal": "2020-08-08", "nama_sembako": 28, "nama_pasar": 1, "nominal": 4000, "validasi": true}}, {"model": "sishasembapo.harga", "pk": 222, "fields": {"tanggal": "2020-08-09", "nama_sembako": 28, "nama_pasar": 1, "nominal": 7000, "validasi": true}}, {"model": "sishasembapo.harga", "pk": 223, "fields": {"tanggal": "2020-08-10", "nama_sembako": 28, "nama_pasar": 1, "nominal": 13000, "validasi": true}}, {"model": "sishasembapo.harga", "pk": 224, "fields": {"tanggal": "2020-08-11", "nama_sembako": 28, "nama_pasar": 1, "nominal": 10000, "validasi": true}}, {"model": "sishasembapo.harga", "pk": 225, "fields": {"tanggal": "2020-08-12", "nama_sembako": 28, "nama_pasar": 1, "nominal": 9000, "validasi": true}}, {"model": "sishasembapo.harga", "pk": 226, "fields": {"tanggal": "2020-08-13", "nama_sembako": 28, "nama_pasar": 1, "nominal": 20000, "validasi": true}}, {"model": "sishasembapo.harga", "pk": 227, "fields": {"tanggal": "2020-08-14", "nama_sembako": 28, "nama_pasar": 1, "nominal": 10000, "validasi": true}}, {"model": "sishasembapo.harga", "pk": 228, "fields": {"tanggal": "2020-08-15", "nama_sembako": 28, "nama_pasar": 1, "nominal": 10500, "validasi": true}}, {"model": "sishasembapo.harga", "pk": 229, "fields": {"tanggal": "2020-08-16", "nama_sembako": 28, "nama_pasar": 1, "nominal": 10500, "validasi": true}}, {"model": "sishasembapo.harga", "pk": 230, "fields": {"tanggal": "2020-08-17", "nama_sembako": 28, "nama_pasar": 1, "nominal": 9000, "validasi": true}}, {"model": "sishasembapo.harga", "pk": 231, "fields": {"tanggal": "2020-08-18", "nama_sembako": 28, "nama_pasar": 1, "nominal": 12000, "validasi": true}}, {"model": "sishasembapo.harga", "pk": 232, "fields": {"tanggal": "2020-08-19", "nama_sembako": 28, "nama_pasar": 1, "nominal": 11500, "validasi": true}}, {"model": "sishasembapo.harga", "pk": 233, "fields": {"tanggal": "2020-08-20", "nama_sembako": 28, "nama_pasar": 1, "nominal": 31000, "validasi": true}}, {"model": "sishasembapo.harga", "pk": 234, "fields": {"tanggal": "2020-08-21", "nama_sembako": 28, "nama_pasar": 1, "nominal": 53000, "validasi": true}}, {"model": "sishasembapo.harga", "pk": 235, "fields": {"tanggal": "2020-08-22", "nama_sembako": 28, "nama_pasar": 1, "nominal": 100000, "validasi": true}}, {"model": "sishasembapo.harga", "pk": 236, "fields": {"tanggal": "2020-08-23", "nama_sembako": 28, "nama_pasar": 1, "nominal": 22000, "validasi": true}}, {"model": "sishasembapo.harga", "pk": 237, "fields": {"tanggal": "2020-08-24", "nama_sembako": 28, "nama_pasar": 1, "nominal": 2000, "validasi": true}}, {"model": "sishasembapo.harga", "pk": 238, "fields": {"tanggal": "2020-08-25", "nama_sembako": 28, "nama_pasar": 1, "nominal": 20000, "validasi": true}}, {"model": "sishasembapo.harga", "pk": 239, "fields": {"tanggal": "2020-08-26", "nama_sembako": 28, "nama_pasar": 1, "nominal": 23000, "validasi": true}}, {"model": "sishasembapo.harga", "pk": 240, "fields": {"tanggal": "2020-08-27", "nama_sembako": 28, "nama_pasar": 1, "nominal": 30000, "validasi": true}}, {"model": "sishasembapo.harga", "pk": 241, "fields": {"tanggal": "2020-08-28", "nama_sembako": 28, "nama_pasar": 1, "nominal": 33000, "validasi": true}}, {"model": "sishasembapo.harga", "pk": 242, "fields": {"tanggal": "2020-08-29", "nama_sembako": 28, "nama_pasar": 1, "nominal": 25000, "validasi": true}}, {"model": "sishasembapo.harga", "pk": 243, "fields": {"tanggal": "2020-08-30", "nama_sembako": 28, "nama_pasar": 1, "nominal": 25000, "validasi": true}}, {"model": "sishasembapo.harga", "pk": 244, "fields": {"tanggal": "2020-08-31", "nama_sembako": 28, "nama_pasar": 1, "nominal": 17000, "validasi": true}}, {"model": "sishasembapo.harga", "pk": 245, "fields": {"tanggal": "2020-09-01", "nama_sembako": 28, "nama_pasar": 1, "nominal": 25000, "validasi": true}}, {"model": "sishasembapo.harga", "pk": 246, "fields": {"tanggal": "2020-09-02", "nama_sembako": 28, "nama_pasar": 1, "nominal": 4000, "validasi": true}}, {"model": "sishasembapo.harga", "pk": 247, "fields": {"tanggal": "2020-09-03", "nama_sembako": 28, "nama_pasar": 1, "nominal": 7000, "validasi": true}}, {"model": "sishasembapo.harga", "pk": 248, "fields": {"tanggal": "2020-09-04", "nama_sembako": 28, "nama_pasar": 1, "nominal": 12000, "validasi": true}}, {"model": "sishasembapo.harga", "pk": 249, "fields": {"tanggal": "2020-09-05", "nama_sembako": 28, "nama_pasar": 1, "nominal": 10000, "validasi": true}}, {"model": "sishasembapo.harga", "pk": 250, "fields": {"tanggal": "2020-09-06", "nama_sembako": 28, "nama_pasar": 1, "nominal": 9000, "validasi": true}}, {"model": "sishasembapo.harga", "pk": 251, "fields": {"tanggal": "2020-09-07", "nama_sembako": 28, "nama_pasar": 1, "nominal": 20000, "validasi": true}}, {"model": "sishasembapo.harga", "pk": 252, "fields": {"tanggal": "2020-09-08", "nama_sembako": 28, "nama_pasar": 1, "nominal": 10000, "validasi": true}}, {"model": "sishasembapo.harga", "pk": 253, "fields": {"tanggal": "2020-09-09", "nama_sembako": 28, "nama_pasar": 1, "nominal": 10500, "validasi": true}}, {"model": "sishasembapo.harga", "pk": 254, "fields": {"tanggal": "2020-09-10", "nama_sembako": 28, "nama_pasar": 1, "nominal": 10500, "validasi": true}}, {"model": "sishasembapo.harga", "pk": 255, "fields": {"tanggal": "2020-09-11", "nama_sembako": 28, "nama_pasar": 1, "nominal": 9000, "validasi": true}}, {"model": "sishasembapo.harga", "pk": 256, "fields": {"tanggal": "2020-09-12", "nama_sembako": 28, "nama_pasar": 1, "nominal": 12000, "validasi": true}}, {"model": "sishasembapo.harga", "pk": 257, "fields": {"tanggal": "2020-09-13", "nama_sembako": 28, "nama_pasar": 1, "nominal": 11500, "validasi": true}}, {"model": "sishasembapo.harga", "pk": 258, "fields": {"tanggal": "2020-09-14", "nama_sembako": 28, "nama_pasar": 1, "nominal": 32000, "validasi": true}}, {"model": "sishasembapo.harga", "pk": 259, "fields": {"tanggal": "2020-09-15", "nama_sembako": 28, "nama_pasar": 1, "nominal": 54000, "validasi": true}}, {"model": "sishasembapo.harga", "pk": 260, "fields": {"tanggal": "2020-09-16", "nama_sembako": 28, "nama_pasar": 1, "nominal": 25000, "validasi": true}}, {"model": "sishasembapo.harga", "pk": 261, "fields": {"tanggal": "2020-09-17", "nama_sembako": 28, "nama_pasar": 1, "nominal": 35000, "validasi": true}}, {"model": "sishasembapo.harga", "pk": 262, "fields": {"tanggal": "2020-09-18", "nama_sembako": 28, "nama_pasar": 1, "nominal": 25000, "validasi": true}}, {"model": "sishasembapo.harga", "pk": 263, "fields": {"tanggal": "2020-09-19", "nama_sembako": 28, "nama_pasar": 1, "nominal": 25000, "validasi": true}}, {"model": "sishasembapo.harga", "pk": 264, "fields": {"tanggal": "2020-09-20", "nama_sembako": 28, "nama_pasar": 1, "nominal": 18000, "validasi": true}}, {"model": "sishasembapo.harga", "pk": 265, "fields": {"tanggal": "2020-09-21", "nama_sembako": 28, "nama_pasar": 1, "nominal": 26000, "validasi": true}}, {"model": "sishasembapo.harga", "pk": 266, "fields": {"tanggal": "2020-09-22", "nama_sembako": 28, "nama_pasar": 1, "nominal": 4000, "validasi": true}}, {"model": "sishasembapo.harga", "pk": 267, "fields": {"tanggal": "2020-09-23", "nama_sembako": 28, "nama_pasar": 1, "nominal": 7000, "validasi": true}}, {"model": "sishasembapo.harga", "pk": 268, "fields": {"tanggal": "2020-09-24", "nama_sembako": 28, "nama_pasar": 1, "nominal": 13000, "validasi": true}}, {"model": "sishasembapo.harga", "pk": 269, "fields": {"tanggal": "2020-09-25", "nama_sembako": 28, "nama_pasar": 1, "nominal": 10000, "validasi": true}}, {"model": "sishasembapo.harga", "pk": 270, "fields": {"tanggal": "2020-09-26", "nama_sembako": 28, "nama_pasar": 1, "nominal": 9000, "validasi": true}}, {"model": "sishasembapo.harga", "pk": 271, "fields": {"tanggal": "2020-09-27", "nama_sembako": 28, "nama_pasar": 1, "nominal": 20000, "validasi": true}}, {"model": "sishasembapo.harga", "pk": 272, "fields": {"tanggal": "2020-09-28", "nama_sembako": 28, "nama_pasar": 1, "nominal": 10000, "validasi": true}}, {"model": "sishasembapo.harga", "pk": 273, "fields": {"tanggal": "2020-09-29", "nama_sembako": 28, "nama_pasar": 1, "nominal": 10500, "validasi": true}}, {"model": "sishasembapo.harga", "pk": 274, "fields": {"tanggal": "2020-09-30", "nama_sembako": 28, "nama_pasar": 1, "nominal": 10000, "validasi": true}}, {"model": "sishasembapo.harga", "pk": 275, "fields": {"tanggal": "2020-10-01", "nama_sembako": 28, "nama_pasar": 1, "nominal": 9000, "validasi": true}}, {"model": "sishasembapo.harga", "pk": 276, "fields": {"tanggal": "2020-10-02", "nama_sembako": 28, "nama_pasar": 1, "nominal": 12000, "validasi": true}}, {"model": "sishasembapo.harga", "pk": 277, "fields": {"tanggal": "2020-10-03", "nama_sembako": 28, "nama_pasar": 1, "nominal": 11500, "validasi": true}}, {"model": "sishasembapo.harga", "pk": 278, "fields": {"tanggal": "2020-10-04", "nama_sembako": 28, "nama_pasar": 1, "nominal": 30000, "validasi": true}}, {"model": "sishasembapo.harga", "pk": 279, "fields": {"tanggal": "2020-10-05", "nama_sembako": 28, "nama_pasar": 1, "nominal": 55000, "validasi": true}}, {"model": "sishasembapo.harga", "pk": 280, "fields": {"tanggal": "2020-10-06", "nama_sembako": 28, "nama_pasar": 1, "nominal": 100000, "validasi": true}}, {"model": "sishasembapo.harga", "pk": 281, "fields": {"tanggal": "2020-10-07", "nama_sembako": 28, "nama_pasar": 1, "nominal": 22500, "validasi": true}}, {"model": "sishasembapo.harga", "pk": 282, "fields": {"tanggal": "2020-10-08", "nama_sembako": 28, "nama_pasar": 1, "nominal": 2000, "validasi": true}}, {"model": "sishasembapo.harga", "pk": 283, "fields": {"tanggal": "2020-10-09", "nama_sembako": 28, "nama_pasar": 1, "nominal": 20000, "validasi": true}}, {"model": "sishasembapo.harga", "pk": 284, "fields": {"tanggal": "2020-10-10", "nama_sembako": 28, "nama_pasar": 1, "nominal": 23000, "validasi": true}}, {"model": "sishasembapo.harga", "pk": 285, "fields": {"tanggal": "2020-10-11", "nama_sembako": 28, "nama_pasar": 1, "nominal": 25000, "validasi": true}}, {"model": "sishasembapo.harga", "pk": 286, "fields": {"tanggal": "2020-10-12", "nama_sembako": 28, "nama_pasar": 1, "nominal": 35000, "validasi": true}}, {"model": "sishasembapo.harga", "pk": 287, "fields": {"tanggal": "2020-10-13", "nama_sembako": 28, "nama_pasar": 1, "nominal": 25000, "validasi": true}}, {"model": "sishasembapo.harga", "pk": 288, "fields": {"tanggal": "2020-10-14", "nama_sembako": 28, "nama_pasar": 1, "nominal": 25000, "validasi": true}}, {"model": "sishasembapo.harga", "pk": 289, "fields": {"tanggal": "2020-10-15", "nama_sembako": 28, "nama_pasar": 1, "nominal": 17000, "validasi": true}}, {"model": "sishasembapo.harga", "pk": 290, "fields": {"tanggal": "2020-10-16", "nama_sembako": 28, "nama_pasar": 1, "nominal": 25000, "validasi": true}}, {"model": "sishasembapo.harga", "pk": 291, "fields": {"tanggal": "2020-10-17", "nama_sembako": 28, "nama_pasar": 1, "nominal": 4000, "validasi": true}}, {"model": "sishasembapo.harga", "pk": 292, "fields": {"tanggal": "2020-10-18", "nama_sembako": 28, "nama_pasar": 1, "nominal": 7000, "validasi": true}}, {"model": "sishasembapo.harga", "pk": 293, "fields": {"tanggal": "2020-10-19", "nama_sembako": 28, "nama_pasar": 1, "nominal": 13000, "validasi": true}}, {"model": "sishasembapo.harga", "pk": 294, "fields": {"tanggal": "2020-10-20", "nama_sembako": 28, "nama_pasar": 1, "nominal": 10000, "validasi": true}}, {"model": "sishasembapo.harga", "pk": 295, "fields": {"tanggal": "2020-10-21", "nama_sembako": 28, "nama_pasar": 1, "nominal": 9000, "validasi": true}}, {"model": "sishasembapo.harga", "pk": 296, "fields": {"tanggal": "2020-10-22", "nama_sembako": 28, "nama_pasar": 1, "nominal": 20000, "validasi": true}}, {"model": "sishasembapo.harga", "pk": 297, "fields": {"tanggal": "2020-10-23", "nama_sembako": 28, "nama_pasar": 1, "nominal": 10000, "validasi": true}}, {"model": "sishasembapo.harga", "pk": 298, "fields": {"tanggal": "2020-10-24", "nama_sembako": 28, "nama_pasar": 1, "nominal": 10200, "validasi": true}}, {"model": "sishasembapo.harga", "pk": 299, "fields": {"tanggal": "2020-10-25", "nama_sembako": 28, "nama_pasar": 1, "nominal": 10500, "validasi": true}}, {"model": "sishasembapo.harga", "pk": 300, "fields": {"tanggal": "2020-10-26", "nama_sembako": 28, "nama_pasar": 1, "nominal": 9000, "validasi": true}}, {"model": "sishasembapo.harga", "pk": 498, "fields": {"tanggal": "2020-10-27", "nama_sembako": 28, "nama_pasar": 1, "nominal": 12000, "validasi": true}}, {"model": "sishasembapo.harga", "pk": 499, "fields": {"tanggal": "2020-10-28", "nama_sembako": 28, "nama_pasar": 1, "nominal": 11500, "validasi": true}}, {"model": "sishasembapo.harga", "pk": 500, "fields": {"tanggal": "2020-10-29", "nama_sembako": 28, "nama_pasar": 1, "nominal": 30000, "validasi": true}}, {"model": "sishasembapo.harga", "pk": 501, "fields": {"tanggal": "2020-10-30", "nama_sembako": 28, "nama_pasar": 1, "nominal": 53000, "validasi": true}}, {"model": "sishasembapo.harga", "pk": 502, "fields": {"tanggal": "2020-10-31", "nama_sembako": 28, "nama_pasar": 1, "nominal": 100000, "validasi": true}}, {"model": "sishasembapo.harga", "pk": 503, "fields": {"tanggal": "2020-11-01", "nama_sembako": 28, "nama_pasar": 1, "nominal": 22500, "validasi": true}}, {"model": "sishasembapo.harga", "pk": 504, "fields": {"tanggal": "2020-11-02", "nama_sembako": 28, "nama_pasar": 1, "nominal": 2000, "validasi": true}}, {"model": "sishasembapo.harga", "pk": 505, "fields": {"tanggal": "2020-11-03", "nama_sembako": 28, "nama_pasar": 1, "nominal": 20000, "validasi": true}}, {"model": "sishasembapo.harga", "pk": 506, "fields": {"tanggal": "2020-11-04", "nama_sembako": 28, "nama_pasar": 1, "nominal": 23000, "validasi": true}}, {"model": "sishasembapo.harga", "pk": 507, "fields": {"tanggal": "2020-11-05", "nama_sembako": 28, "nama_pasar": 1, "nominal": 25000, "validasi": true}}, {"model": "sishasembapo.harga", "pk": 508, "fields": {"tanggal": "2020-11-06", "nama_sembako": 28, "nama_pasar": 1, "nominal": 34000, "validasi": true}}, {"model": "sishasembapo.harga", "pk": 509, "fields": {"tanggal": "2020-11-07", "nama_sembako": 28, "nama_pasar": 1, "nominal": 25000, "validasi": true}}, {"model": "sishasembapo.harga", "pk": 510, "fields": {"tanggal": "2020-11-08", "nama_sembako": 28, "nama_pasar": 1, "nominal": 25000, "validasi": true}}, {"model": "sishasembapo.harga", "pk": 511, "fields": {"tanggal": "2020-11-09", "nama_sembako": 28, "nama_pasar": 1, "nominal": 17000, "validasi": true}}, {"model": "sishasembapo.harga", "pk": 512, "fields": {"tanggal": "2020-11-10", "nama_sembako": 28, "nama_pasar": 1, "nominal": 25000, "validasi": true}}, {"model": "sishasembapo.harga", "pk": 513, "fields": {"tanggal": "2020-11-11", "nama_sembako": 28, "nama_pasar": 1, "nominal": 4000, "validasi": true}}, {"model": "sishasembapo.harga", "pk": 514, "fields": {"tanggal": "2020-11-12", "nama_sembako": 28, "nama_pasar": 1, "nominal": 7000, "validasi": true}}, {"model": "sishasembapo.harga", "pk": 515, "fields": {"tanggal": "2020-11-13", "nama_sembako": 28, "nama_pasar": 1, "nominal": 13000, "validasi": true}}, {"model": "sishasembapo.harga", "pk": 516, "fields": {"tanggal": "2020-11-14", "nama_sembako": 28, "nama_pasar": 1, "nominal": 10000, "validasi": true}}, {"model": "sishasembapo.harga", "pk": 517, "fields": {"tanggal": "2020-11-15", "nama_sembako": 28, "nama_pasar": 1, "nominal": 9000, "validasi": true}}, {"model": "sishasembapo.harga", "pk": 518, "fields": {"tanggal": "2020-11-16", "nama_sembako": 28, "nama_pasar": 1, "nominal": 20000, "validasi": true}}, {"model": "sishasembapo.harga", "pk": 519, "fields": {"tanggal": "2020-11-17", "nama_sembako": 28, "nama_pasar": 1, "nominal": 10000, "validasi": true}}, {"model": "sishasembapo.harga", "pk": 520, "fields": {"tanggal": "2020-11-18", "nama_sembako": 28, "nama_pasar": 1, "nominal": 10500, "validasi": true}}, {"model": "sishasembapo.harga", "pk": 521, "fields": {"tanggal": "2020-11-19", "nama_sembako": 28, "nama_pasar": 1, "nominal": 10500, "validasi": true}}, {"model": "sishasembapo.harga", "pk": 522, "fields": {"tanggal": "2020-11-20", "nama_sembako": 28, "nama_pasar": 1, "nominal": 9000, "validasi": true}}, {"model": "sishasembapo.harga", "pk": 523, "fields": {"tanggal": "2020-11-21", "nama_sembako": 28, "nama_pasar": 1, "nominal": 12000, "validasi": true}}, {"model": "sishasembapo.harga", "pk": 524, "fields": {"tanggal": "2020-11-22", "nama_sembako": 28, "nama_pasar": 1, "nominal": 11500, "validasi": true}}, {"model": "sishasembapo.harga", "pk": 525, "fields": {"tanggal": "2020-11-23", "nama_sembako": 28, "nama_pasar": 1, "nominal": 31000, "validasi": true}}, {"model": "sishasembapo.harga", "pk": 526, "fields": {"tanggal": "2020-11-24", "nama_sembako": 28, "nama_pasar": 1, "nominal": 54000, "validasi": true}}, {"model": "sishasembapo.harga", "pk": 527, "fields": {"tanggal": "2020-11-25", "nama_sembako": 28, "nama_pasar": 1, "nominal": 100000, "validasi": true}}, {"model": "sishasembapo.harga", "pk": 528, "fields": {"tanggal": "2020-11-26", "nama_sembako": 28, "nama_pasar": 1, "nominal": 22500, "validasi": true}}, {"model": "sishasembapo.harga", "pk": 529, "fields": {"tanggal": "2020-11-27", "nama_sembako": 28, "nama_pasar": 1, "nominal": 2000, "validasi": true}}, {"model": "sishasembapo.harga", "pk": 530, "fields": {"tanggal": "2020-11-28", "nama_sembako": 28, "nama_pasar": 1, "nominal": 20000, "validasi": true}}, {"model": "sishasembapo.harga", "pk": 531, "fields": {"tanggal": "2020-11-29", "nama_sembako": 28, "nama_pasar": 1, "nominal": 23000, "validasi": true}}, {"model": "sishasembapo.harga", "pk": 532, "fields": {"tanggal": "2020-11-30", "nama_sembako": 28, "nama_pasar": 1, "nominal": 30000, "validasi": true}}, {"model": "sishasembapo.harga", "pk": 533, "fields": {"tanggal": "2020-12-01", "nama_sembako": 28, "nama_pasar": 1, "nominal": 33000, "validasi": true}}, {"model": "sishasembapo.harga", "pk": 534, "fields": {"tanggal": "2020-12-02", "nama_sembako": 28, "nama_pasar": 1, "nominal": 25000, "validasi": true}}, {"model": "sishasembapo.harga", "pk": 535, "fields": {"tanggal": "2020-12-03", "nama_sembako": 28, "nama_pasar": 1, "nominal": 25000, "validasi": true}}, {"model": "sishasembapo.harga", "pk": 536, "fields": {"tanggal": "2020-12-04", "nama_sembako": 28, "nama_pasar": 1, "nominal": 17000, "validasi": true}}, {"model": "sishasembapo.harga", "pk": 537, "fields": {"tanggal": "2020-12-05", "nama_sembako": 28, "nama_pasar": 1, "nominal": 25000, "validasi": true}}, {"model": "sishasembapo.harga", "pk": 538, "fields": {"tanggal": "2020-12-06", "nama_sembako": 28, "nama_pasar": 1, "nominal": 4000, "validasi": true}}, {"model": "sishasembapo.harga", "pk": 539, "fields": {"tanggal": "2020-12-07", "nama_sembako": 28, "nama_pasar": 1, "nominal": 7000, "validasi": true}}, {"model": "sishasembapo.harga", "pk": 540, "fields": {"tanggal": "2020-12-08", "nama_sembako": 28, "nama_pasar": 1, "nominal": 13000, "validasi": true}}, {"model": "sishasembapo.harga", "pk": 541, "fields": {"tanggal": "2020-12-09", "nama_sembako": 28, "nama_pasar": 1, "nominal": 10000, "validasi": true}}, {"model": "sishasembapo.harga", "pk": 542, "fields": {"tanggal": "2020-12-10", "nama_sembako": 28, "nama_pasar": 1, "nominal": 9000, "validasi": true}}, {"model": "sishasembapo.harga", "pk": 543, "fields": {"tanggal": "2020-12-11", "nama_sembako": 28, "nama_pasar": 1, "nominal": 20000, "validasi": true}}, {"model": "sishasembapo.harga", "pk": 544, "fields": {"tanggal": "2020-12-12", "nama_sembako": 28, "nama_pasar": 1, "nominal": 10000, "validasi": true}}, {"model": "sishasembapo.harga", "pk": 545, "fields": {"tanggal": "2020-12-13", "nama_sembako": 28, "nama_pasar": 1, "nominal": 10500, "validasi": true}}, {"model": "sishasembapo.harga", "pk": 546, "fields": {"tanggal": "2020-12-14", "nama_sembako": 28, "nama_pasar": 1, "nominal": 10500, "validasi": true}}, {"model": "sishasembapo.harga", "pk": 547, "fields": {"tanggal": "2020-12-15", "nama_sembako": 28, "nama_pasar": 1, "nominal": 9000, "validasi": true}}, {"model": "sishasembapo.harga", "pk": 548, "fields": {"tanggal": "2020-12-16", "nama_sembako": 28, "nama_pasar": 1, "nominal": 12000, "validasi": true}}, {"model": "sishasembapo.harga", "pk": 549, "fields": {"tanggal": "2020-12-17", "nama_sembako": 28, "nama_pasar": 1, "nominal": 11500, "validasi": true}}, {"model": "sishasembapo.harga", "pk": 550, "fields": {"tanggal": "2020-12-18", "nama_sembako": 28, "nama_pasar": 1, "nominal": 31000, "validasi": true}}, {"model": "sishasembapo.harga", "pk": 551, "fields": {"tanggal": "2020-12-19", "nama_sembako": 28, "nama_pasar": 1, "nominal": 53000, "validasi": true}}, {"model": "sishasembapo.harga", "pk": 552, "fields": {"tanggal": "2020-12-20", "nama_sembako": 28, "nama_pasar": 1, "nominal": 100000, "validasi": true}}, {"model": "sishasembapo.harga", "pk": 553, "fields": {"tanggal": "2020-12-21", "nama_sembako": 28, "nama_pasar": 1, "nominal": 22000, "validasi": true}}, {"model": "sishasembapo.harga", "pk": 554, "fields": {"tanggal": "2020-12-22", "nama_sembako": 28, "nama_pasar": 1, "nominal": 2000, "validasi": true}}, {"model": "sishasembapo.harga", "pk": 555, "fields": {"tanggal": "2020-12-23", "nama_sembako": 28, "nama_pasar": 1, "nominal": 20000, "validasi": true}}, {"model": "sishasembapo.harga", "pk": 556, "fields": {"tanggal": "2020-12-24", "nama_sembako": 28, "nama_pasar": 1, "nominal": 23000, "validasi": true}}, {"model": "sishasembapo.harga", "pk": 557, "fields": {"tanggal": "2020-12-25", "nama_sembako": 28, "nama_pasar": 1, "nominal": 30000, "validasi": true}}, {"model": "sishasembapo.harga", "pk": 558, "fields": {"tanggal": "2020-12-26", "nama_sembako": 28, "nama_pasar": 1, "nominal": 33000, "validasi": true}}, {"model": "sishasembapo.harga", "pk": 559, "fields": {"tanggal": "2020-12-27", "nama_sembako": 28, "nama_pasar": 1, "nominal": 25000, "validasi": true}}, {"model": "sishasembapo.harga", "pk": 560, "fields": {"tanggal": "2020-12-28", "nama_sembako": 28, "nama_pasar": 1, "nominal": 25000, "validasi": true}}, {"model": "sishasembapo.harga", "pk": 561, "fields": {"tanggal": "2020-12-29", "nama_sembako": 28, "nama_pasar": 1, "nominal": 17000, "validasi": true}}, {"model": "sishasembapo.harga", "pk": 562, "fields": {"tanggal": "2020-12-30", "nama_sembako": 28, "nama_pasar": 1, "nominal": 25000, "validasi": true}}, {"model": "sishasembapo.harga", "pk": 563, "fields": {"tanggal": "2020-12-31", "nama_sembako": 28, "nama_pasar": 1, "nominal": 4000, "validasi": true}}, {"model": "sishasembapo.harga", "pk": 564, "fields": {"tanggal": "2020-01-01", "nama_sembako": 29, "nama_pasar": 1, "nominal": 10000, "validasi": true}}, {"model": "sishasembapo.harga", "pk": 565, "fields": {"tanggal": "2020-01-02", "nama_sembako": 29, "nama_pasar": 1, "nominal": 10200, "validasi": true}}, {"model": "sishasembapo.harga", "pk": 566, "fields": {"tanggal": "2020-01-03", "nama_sembako": 29, "nama_pasar": 1, "nominal": 10500, "validasi": true}}, {"model": "sishasembapo.harga", "pk": 567, "fields": {"tanggal": "2020-01-04", "nama_sembako": 29, "nama_pasar": 1, "nominal": 8800, "validasi": true}}, {"model": "sishasembapo.harga", "pk": 568, "fields": {"tanggal": "2020-01-05", "nama_sembako": 29, "nama_pasar": 1, "nominal": 12000, "validasi": true}}, {"model": "sishasembapo.harga", "pk": 569, "fields": {"tanggal": "2020-01-06", "nama_sembako": 29, "nama_pasar": 1, "nominal": 11500, "validasi": true}}, {"model": "sishasembapo.harga", "pk": 570, "fields": {"tanggal": "2020-01-07", "nama_sembako": 29, "nama_pasar": 1, "nominal": 30000, "validasi": true}}, {"model": "sishasembapo.harga", "pk": 571, "fields": {"tanggal": "2020-01-08", "nama_sembako": 29, "nama_pasar": 1, "nominal": 55000, "validasi": true}}, {"model": "sishasembapo.harga", "pk": 572, "fields": {"tanggal": "2020-01-09", "nama_sembako": 29, "nama_pasar": 1, "nominal": 100000, "validasi": true}}, {"model": "sishasembapo.harga", "pk": 573, "fields": {"tanggal": "2020-01-10", "nama_sembako": 29, "nama_pasar": 1, "nominal": 22000, "validasi": true}}, {"model": "sishasembapo.harga", "pk": 574, "fields": {"tanggal": "2020-01-11", "nama_sembako": 29, "nama_pasar": 1, "nominal": 2000, "validasi": true}}, {"model": "sishasembapo.harga", "pk": 575, "fields": {"tanggal": "2020-01-12", "nama_sembako": 29, "nama_pasar": 1, "nominal": 20000, "validasi": true}}, {"model": "sishasembapo.harga", "pk": 576, "fields": {"tanggal": "2020-01-13", "nama_sembako": 29, "nama_pasar": 1, "nominal": 23000, "validasi": true}}, {"model": "sishasembapo.harga", "pk": 577, "fields": {"tanggal": "2020-01-14", "nama_sembako": 29, "nama_pasar": 1, "nominal": 25000, "validasi": true}}, {"model": "sishasembapo.harga", "pk": 578, "fields": {"tanggal": "2020-01-15", "nama_sembako": 29, "nama_pasar": 1, "nominal": 35000, "validasi": true}}, {"model": "sishasembapo.harga", "pk": 579, "fields": {"tanggal": "2020-01-16", "nama_sembako": 29, "nama_pasar": 1, "nominal": 25000, "validasi": true}}, {"model": "sishasembapo.harga", "pk": 580, "fields": {"tanggal": "2020-01-17", "nama_sembako": 29, "nama_pasar": 1, "nominal": 25000, "validasi": true}}, {"model": "sishasembapo.harga", "pk": 581, "fields": {"tanggal": "2020-01-18", "nama_sembako": 29, "nama_pasar": 1, "nominal": 18000, "validasi": true}}, {"model": "sishasembapo.harga", "pk": 582, "fields": {"tanggal": "2020-01-19", "nama_sembako": 29, "nama_pasar": 1, "nominal": 26000, "validasi": true}}, {"model": "sishasembapo.harga", "pk": 583, "fields": {"tanggal": "2020-01-20", "nama_sembako": 29, "nama_pasar": 1, "nominal": 4000, "validasi": true}}, {"model": "sishasembapo.harga", "pk": 584, "fields": {"tanggal": "2020-01-21", "nama_sembako": 29, "nama_pasar": 1, "nominal": 7000, "validasi": true}}, {"model": "sishasembapo.harga", "pk": 585, "fields": {"tanggal": "2020-01-22", "nama_sembako": 29, "nama_pasar": 1, "nominal": 13000, "validasi": true}}, {"model": "sishasembapo.harga", "pk": 586, "fields": {"tanggal": "2020-01-23", "nama_sembako": 29, "nama_pasar": 1, "nominal": 10000, "validasi": true}}, {"model": "sishasembapo.harga", "pk": 587, "fields": {"tanggal": "2020-01-24", "nama_sembako": 29, "nama_pasar": 1, "nominal": 9000, "validasi": true}}, {"model": "sishasembapo.harga", "pk": 588, "fields": {"tanggal": "2020-01-25", "nama_sembako": 29, "nama_pasar": 1, "nominal": 20000, "validasi": true}}, {"model": "sishasembapo.harga", "pk": 589, "fields": {"tanggal": "2020-01-26", "nama_sembako": 29, "nama_pasar": 1, "nominal": 10000, "validasi": true}}, {"model": "sishasembapo.harga", "pk": 590, "fields": {"tanggal": "2020-01-27", "nama_sembako": 29, "nama_pasar": 1, "nominal": 10500, "validasi": true}}, {"model": "sishasembapo.harga", "pk": 591, "fields": {"tanggal": "2020-01-28", "nama_sembako": 29, "nama_pasar": 1, "nominal": 10000, "validasi": true}}, {"model": "sishasembapo.harga", "pk": 592, "fields": {"tanggal": "2020-01-29", "nama_sembako": 29, "nama_pasar": 1, "nominal": 9000, "validasi": true}}, {"model": "sishasembapo.harga", "pk": 593, "fields": {"tanggal": "2020-01-30", "nama_sembako": 29, "nama_pasar": 1, "nominal": 12000, "validasi": true}}, {"model": "sishasembapo.harga", "pk": 594, "fields": {"tanggal": "2020-01-31", "nama_sembako": 29, "nama_pasar": 1, "nominal": 11500, "validasi": true}}, {"model": "sishasembapo.harga", "pk": 595, "fields": {"tanggal": "2020-02-01", "nama_sembako": 29, "nama_pasar": 1, "nominal": 30000, "validasi": true}}, {"model": "sishasembapo.harga", "pk": 596, "fields": {"tanggal": "2020-02-02", "nama_sembako": 29, "nama_pasar": 1, "nominal": 55000, "validasi": true}}, {"model": "sishasembapo.harga", "pk": 597, "fields": {"tanggal": "2020-02-03", "nama_sembako": 29, "nama_pasar": 1, "nominal": 100000, "validasi": true}}, {"model": "sishasembapo.harga", "pk": 598, "fields": {"tanggal": "2020-02-04", "nama_sembako": 29, "nama_pasar": 1, "nominal": 22500, "validasi": true}}, {"model": "sishasembapo.harga", "pk": 599, "fields": {"tanggal": "2020-02-05", "nama_sembako": 29, "nama_pasar": 1, "nominal": 2000, "validasi": true}}, {"model": "sishasembapo.harga", "pk": 600, "fields": {"tanggal": "2020-02-06", "nama_sembako": 29, "nama_pasar": 1, "nominal": 20000, "validasi": true}}, {"model": "sishasembapo.harga", "pk": 601, "fields": {"tanggal": "2020-02-07", "nama_sembako": 29, "nama_pasar": 1, "nominal": 23000, "validasi": true}}, {"model": "sishasembapo.harga", "pk": 602, "fields": {"tanggal": "2020-02-08", "nama_sembako": 29, "nama_pasar": 1, "nominal": 25000, "validasi": true}}, {"model": "sishasembapo.harga", "pk": 603, "fields": {"tanggal": "2020-02-09", "nama_sembako": 29, "nama_pasar": 1, "nominal": 35000, "validasi": true}}, {"model": "sishasembapo.harga", "pk": 604, "fields": {"tanggal": "2020-02-10", "nama_sembako": 29, "nama_pasar": 1, "nominal": 25000, "validasi": true}}, {"model": "sishasembapo.harga", "pk": 605, "fields": {"tanggal": "2020-02-11", "nama_sembako": 29, "nama_pasar": 1, "nominal": 25000, "validasi": true}}, {"model": "sishasembapo.harga", "pk": 606, "fields": {"tanggal": "2020-02-12", "nama_sembako": 29, "nama_pasar": 1, "nominal": 17000, "validasi": true}}, {"model": "sishasembapo.harga", "pk": 607, "fields": {"tanggal": "2020-02-13", "nama_sembako": 29, "nama_pasar": 1, "nominal": 25000, "validasi": true}}, {"model": "sishasembapo.harga", "pk": 608, "fields": {"tanggal": "2020-02-14", "nama_sembako": 29, "nama_pasar": 1, "nominal": 4000, "validasi": true}}, {"model": "sishasembapo.harga", "pk": 609, "fields": {"tanggal": "2020-02-15", "nama_sembako": 29, "nama_pasar": 1, "nominal": 7000, "validasi": true}}, {"model": "sishasembapo.harga", "pk": 610, "fields": {"tanggal": "2020-02-16", "nama_sembako": 29, "nama_pasar": 1, "nominal": 13000, "validasi": true}}, {"model": "sishasembapo.harga", "pk": 611, "fields": {"tanggal": "2020-02-17", "nama_sembako": 29, "nama_pasar": 1, "nominal": 10000, "validasi": true}}, {"model": "sishasembapo.harga", "pk": 612, "fields": {"tanggal": "2020-02-18", "nama_sembako": 29, "nama_pasar": 1, "nominal": 9000, "validasi": true}}, {"model": "sishasembapo.harga", "pk": 613, "fields": {"tanggal": "2020-02-19", "nama_sembako": 29, "nama_pasar": 1, "nominal": 20000, "validasi": true}}, {"model": "sishasembapo.harga", "pk": 614, "fields": {"tanggal": "2020-02-21", "nama_sembako": 29, "nama_pasar": 1, "nominal": 100000, "validasi": true}}, {"model": "sishasembapo.harga", "pk": 615, "fields": {"tanggal": "2020-02-21", "nama_sembako": 29, "nama_pasar": 1, "nominal": 10200, "validasi": true}}, {"model": "sishasembapo.harga", "pk": 616, "fields": {"tanggal": "2020-02-22", "nama_sembako": 29, "nama_pasar": 1, "nominal": 10500, "validasi": true}}, {"model": "sishasembapo.harga", "pk": 617, "fields": {"tanggal": "2020-02-23", "nama_sembako": 29, "nama_pasar": 1, "nominal": 9000, "validasi": true}}, {"model": "sishasembapo.harga", "pk": 618, "fields": {"tanggal": "2020-02-24", "nama_sembako": 29, "nama_pasar": 1, "nominal": 12000, "validasi": true}}, {"model": "sishasembapo.harga", "pk": 619, "fields": {"tanggal": "2020-02-25", "nama_sembako": 29, "nama_pasar": 1, "nominal": 11500, "validasi": true}}, {"model": "sishasembapo.harga", "pk": 620, "fields": {"tanggal": "2020-02-26", "nama_sembako": 29, "nama_pasar": 1, "nominal": 30000, "validasi": true}}, {"model": "sishasembapo.harga", "pk": 621, "fields": {"tanggal": "2020-02-27", "nama_sembako": 29, "nama_pasar": 1, "nominal": 53000, "validasi": true}}, {"model": "sishasembapo.harga", "pk": 622, "fields": {"tanggal": "2020-02-28", "nama_sembako": 29, "nama_pasar": 1, "nominal": 100000, "validasi": true}}, {"model": "sishasembapo.harga", "pk": 623, "fields": {"tanggal": "2020-02-29", "nama_sembako": 29, "nama_pasar": 1, "nominal": 225008, "validasi": true}}, {"model": "sishasembapo.harga", "pk": 624, "fields": {"tanggal": "2020-03-01", "nama_sembako": 29, "nama_pasar": 1, "nominal": 2000, "validasi": true}}, {"model": "sishasembapo.harga", "pk": 625, "fields": {"tanggal": "2020-03-02", "nama_sembako": 29, "nama_pasar": 1, "nominal": 20000, "validasi": true}}, {"model": "sishasembapo.harga", "pk": 626, "fields": {"tanggal": "2020-03-03", "nama_sembako": 29, "nama_pasar": 1, "nominal": 23000, "validasi": true}}, {"model": "sishasembapo.harga", "pk": 627, "fields": {"tanggal": "2020-03-04", "nama_sembako": 29, "nama_pasar": 1, "nominal": 25000, "validasi": true}}, {"model": "sishasembapo.harga", "pk": 628, "fields": {"tanggal": "2020-03-05", "nama_sembako": 29, "nama_pasar": 1, "nominal": 34000, "validasi": true}}, {"model": "sishasembapo.harga", "pk": 629, "fields": {"tanggal": "2020-03-06", "nama_sembako": 29, "nama_pasar": 1, "nominal": 25000, "validasi": true}}, {"model": "sishasembapo.harga", "pk": 630, "fields": {"tanggal": "2020-03-07", "nama_sembako": 29, "nama_pasar": 1, "nominal": 25000, "validasi": true}}, {"model": "sishasembapo.harga", "pk": 631, "fields": {"tanggal": "2020-03-08", "nama_sembako": 29, "nama_pasar": 1, "nominal": 17000, "validasi": true}}, {"model": "sishasembapo.harga", "pk": 632, "fields": {"tanggal": "2020-03-09", "nama_sembako": 29, "nama_pasar": 1, "nominal": 25000, "validasi": true}}, {"model": "sishasembapo.harga", "pk": 633, "fields": {"tanggal": "2020-03-10", "nama_sembako": 29, "nama_pasar": 1, "nominal": 4000, "validasi": true}}, {"model": "sishasembapo.harga", "pk": 634, "fields": {"tanggal": "2020-03-11", "nama_sembako": 29, "nama_pasar": 1, "nominal": 7000, "validasi": true}}, {"model": "sishasembapo.harga", "pk": 635, "fields": {"tanggal": "2020-03-12", "nama_sembako": 29, "nama_pasar": 1, "nominal": 13000, "validasi": true}}, {"model": "sishasembapo.harga", "pk": 636, "fields": {"tanggal": "2020-03-13", "nama_sembako": 29, "nama_pasar": 1, "nominal": 10000, "validasi": true}}, {"model": "sishasembapo.harga", "pk": 637, "fields": {"tanggal": "2020-03-14", "nama_sembako": 29, "nama_pasar": 1, "nominal": 9000, "validasi": true}}, {"model": "sishasembapo.harga", "pk": 638, "fields": {"tanggal": "2020-03-15", "nama_sembako": 29, "nama_pasar": 1, "nominal": 20000, "validasi": true}}, {"model": "sishasembapo.harga", "pk": 639, "fields": {"tanggal": "2020-03-16", "nama_sembako": 29, "nama_pasar": 1, "nominal": 10000, "validasi": true}}, {"model": "sishasembapo.harga", "pk": 640, "fields": {"tanggal": "2020-03-17", "nama_sembako": 29, "nama_pasar": 1, "nominal": 10500, "validasi": true}}, {"model": "sishasembapo.harga", "pk": 641, "fields": {"tanggal": "2020-03-18", "nama_sembako": 29, "nama_pasar": 1, "nominal": 10500, "validasi": true}}, {"model": "sishasembapo.harga", "pk": 642, "fields": {"tanggal": "2020-03-19", "nama_sembako": 29, "nama_pasar": 1, "nominal": 9000, "validasi": true}}, {"model": "sishasembapo.harga", "pk": 643, "fields": {"tanggal": "2020-03-20", "nama_sembako": 29, "nama_pasar": 1, "nominal": 12000, "validasi": true}}, {"model": "sishasembapo.harga", "pk": 644, "fields": {"tanggal": "2020-03-21", "nama_sembako": 29, "nama_pasar": 1, "nominal": 11500, "validasi": true}}, {"model": "sishasembapo.harga", "pk": 645, "fields": {"tanggal": "2020-03-22", "nama_sembako": 29, "nama_pasar": 1, "nominal": 31000, "validasi": true}}, {"model": "sishasembapo.harga", "pk": 646, "fields": {"tanggal": "2020-03-23", "nama_sembako": 29, "nama_pasar": 1, "nominal": 54000, "validasi": true}}, {"model": "sishasembapo.harga", "pk": 647, "fields": {"tanggal": "2020-03-24", "nama_sembako": 29, "nama_pasar": 1, "nominal": 100000, "validasi": true}}, {"model": "sishasembapo.harga", "pk": 648, "fields": {"tanggal": "2020-03-25", "nama_sembako": 29, "nama_pasar": 1, "nominal": 22500, "validasi": true}}, {"model": "sishasembapo.harga", "pk": 649, "fields": {"tanggal": "2020-03-26", "nama_sembako": 29, "nama_pasar": 1, "nominal": 2000, "validasi": true}}, {"model": "sishasembapo.harga", "pk": 650, "fields": {"tanggal": "2020-03-27", "nama_sembako": 29, "nama_pasar": 1, "nominal": 20000, "validasi": true}}, {"model": "sishasembapo.harga", "pk": 651, "fields": {"tanggal": "2020-03-28", "nama_sembako": 29, "nama_pasar": 1, "nominal": 23000, "validasi": true}}, {"model": "sishasembapo.harga", "pk": 652, "fields": {"tanggal": "2020-03-29", "nama_sembako": 29, "nama_pasar": 1, "nominal": 30000, "validasi": true}}, {"model": "sishasembapo.harga", "pk": 653, "fields": {"tanggal": "2020-03-30", "nama_sembako": 29, "nama_pasar": 1, "nominal": 33000, "validasi": true}}, {"model": "sishasembapo.harga", "pk": 654, "fields": {"tanggal": "2020-03-31", "nama_sembako": 29, "nama_pasar": 1, "nominal": 25000, "validasi": true}}, {"model": "sishasembapo.harga", "pk": 655, "fields": {"tanggal": "2020-04-01", "nama_sembako": 29, "nama_pasar": 1, "nominal": 25000, "validasi": true}}, {"model": "sishasembapo.harga", "pk": 656, "fields": {"tanggal": "2020-04-02", "nama_sembako": 29, "nama_pasar": 1, "nominal": 17000, "validasi": true}}, {"model": "sishasembapo.harga", "pk": 657, "fields": {"tanggal": "2020-04-03", "nama_sembako": 29, "nama_pasar": 1, "nominal": 25000, "validasi": true}}, {"model": "sishasembapo.harga", "pk": 658, "fields": {"tanggal": "2020-04-04", "nama_sembako": 29, "nama_pasar": 1, "nominal": 4000, "validasi": true}}, {"model": "sishasembapo.harga", "pk": 659, "fields": {"tanggal": "2020-04-05", "nama_sembako": 29, "nama_pasar": 1, "nominal": 7000, "validasi": true}}, {"model": "sishasembapo.harga", "pk": 660, "fields": {"tanggal": "2020-04-06", "nama_sembako": 29, "nama_pasar": 1, "nominal": 13000, "validasi": true}}, {"model": "sishasembapo.harga", "pk": 661, "fields": {"tanggal": "2020-04-07", "nama_sembako": 29, "nama_pasar": 1, "nominal": 10000, "validasi": true}}, {"model": "sishasembapo.harga", "pk": 662, "fields": {"tanggal": "2020-04-08", "nama_sembako": 29, "nama_pasar": 1, "nominal": 9000, "validasi": true}}, {"model": "sishasembapo.harga", "pk": 663, "fields": {"tanggal": "2020-04-09", "nama_sembako": 29, "nama_pasar": 1, "nominal": 20000, "validasi": true}}, {"model": "sishasembapo.harga", "pk": 664, "fields": {"tanggal": "2020-04-10", "nama_sembako": 29, "nama_pasar": 1, "nominal": 10000, "validasi": true}}, {"model": "sishasembapo.harga", "pk": 665, "fields": {"tanggal": "2020-04-11", "nama_sembako": 29, "nama_pasar": 1, "nominal": 10500, "validasi": true}}, {"model": "sishasembapo.harga", "pk": 666, "fields": {"tanggal": "2020-04-12", "nama_sembako": 29, "nama_pasar": 1, "nominal": 10500, "validasi": true}}, {"model": "sishasembapo.harga", "pk": 667, "fields": {"tanggal": "2020-04-13", "nama_sembako": 29, "nama_pasar": 1, "nominal": 9000, "validasi": true}}, {"model": "sishasembapo.harga", "pk": 668, "fields": {"tanggal": "2020-04-14", "nama_sembako": 29, "nama_pasar": 1, "nominal": 12000, "validasi": true}}, {"model": "sishasembapo.harga", "pk": 669, "fields": {"tanggal": "2020-04-15", "nama_sembako": 29, "nama_pasar": 1, "nominal": 11500, "validasi": true}}, {"model": "sishasembapo.harga", "pk": 670, "fields": {"tanggal": "2020-04-16", "nama_sembako": 29, "nama_pasar": 1, "nominal": 31000, "validasi": true}}, {"model": "sishasembapo.harga", "pk": 671, "fields": {"tanggal": "2020-04-17", "nama_sembako": 29, "nama_pasar": 1, "nominal": 53000, "validasi": true}}, {"model": "sishasembapo.harga", "pk": 672, "fields": {"tanggal": "2020-04-18", "nama_sembako": 29, "nama_pasar": 1, "nominal": 100000, "validasi": true}}, {"model": "sishasembapo.harga", "pk": 673, "fields": {"tanggal": "2020-04-19", "nama_sembako": 29, "nama_pasar": 1, "nominal": 22000, "validasi": true}}, {"model": "sishasembapo.harga", "pk": 674, "fields": {"tanggal": "2020-04-20", "nama_sembako": 29, "nama_pasar": 1, "nominal": 2000, "validasi": true}}, {"model": "sishasembapo.harga", "pk": 675, "fields": {"tanggal": "2020-04-21", "nama_sembako": 29, "nama_pasar": 1, "nominal": 20000, "validasi": true}}, {"model": "sishasembapo.harga", "pk": 676, "fields": {"tanggal": "2020-04-22", "nama_sembako": 29, "nama_pasar": 1, "nominal": 23000, "validasi": true}}, {"model": "sishasembapo.harga", "pk": 677, "fields": {"tanggal": "2020-04-23", "nama_sembako": 29, "nama_pasar": 1, "nominal": 30000, "validasi": true}}, {"model": "sishasembapo.harga", "pk": 678, "fields": {"tanggal": "2020-04-24", "nama_sembako": 29, "nama_pasar": 1, "nominal": 33000, "validasi": true}}, {"model": "sishasembapo.harga", "pk": 679, "fields": {"tanggal": "2020-04-25", "nama_sembako": 29, "nama_pasar": 1, "nominal": 25000, "validasi": true}}, {"model": "sishasembapo.harga", "pk": 680, "fields": {"tanggal": "2020-04-26", "nama_sembako": 29, "nama_pasar": 1, "nominal": 25000, "validasi": true}}, {"model": "sishasembapo.harga", "pk": 681, "fields": {"tanggal": "2020-04-27", "nama_sembako": 29, "nama_pasar": 1, "nominal": 17000, "validasi": true}}, {"model": "sishasembapo.harga", "pk": 682, "fields": {"tanggal": "2020-04-28", "nama_sembako": 29, "nama_pasar": 1, "nominal": 25000, "validasi": true}}, {"model": "sishasembapo.harga", "pk": 683, "fields": {"tanggal": "2020-04-29", "nama_sembako": 29, "nama_pasar": 1, "nominal": 4000, "validasi": true}}, {"model": "sishasembapo.harga", "pk": 684, "fields": {"tanggal": "2020-04-30", "nama_sembako": 29, "nama_pasar": 1, "nominal": 7000, "validasi": true}}, {"model": "sishasembapo.harga", "pk": 685, "fields": {"tanggal": "2020-05-01", "nama_sembako": 29, "nama_pasar": 1, "nominal": 12000, "validasi": true}}, {"model": "sishasembapo.harga", "pk": 686, "fields": {"tanggal": "2020-05-02", "nama_sembako": 29, "nama_pasar": 1, "nominal": 10000, "validasi": true}}, {"model": "sishasembapo.harga", "pk": 687, "fields": {"tanggal": "2020-05-03", "nama_sembako": 29, "nama_pasar": 1, "nominal": 9000, "validasi": true}}, {"model": "sishasembapo.harga", "pk": 688, "fields": {"tanggal": "2020-05-04", "nama_sembako": 29, "nama_pasar": 1, "nominal": 20000, "validasi": true}}, {"model": "sishasembapo.harga", "pk": 689, "fields": {"tanggal": "2020-05-05", "nama_sembako": 29, "nama_pasar": 1, "nominal": 10000, "validasi": true}}, {"model": "sishasembapo.harga", "pk": 690, "fields": {"tanggal": "2020-05-06", "nama_sembako": 29, "nama_pasar": 1, "nominal": 10500, "validasi": true}}, {"model": "sishasembapo.harga", "pk": 691, "fields": {"tanggal": "2020-05-07", "nama_sembako": 29, "nama_pasar": 1, "nominal": 10500, "validasi": true}}, {"model": "sishasembapo.harga", "pk": 692, "fields": {"tanggal": "2020-05-08", "nama_sembako": 29, "nama_pasar": 1, "nominal": 9000, "validasi": true}}, {"model": "sishasembapo.harga", "pk": 693, "fields": {"tanggal": "2020-05-09", "nama_sembako": 29, "nama_pasar": 1, "nominal": 12000, "validasi": true}}, {"model": "sishasembapo.harga", "pk": 694, "fields": {"tanggal": "2020-05-10", "nama_sembako": 29, "nama_pasar": 1, "nominal": 11500, "validasi": true}}, {"model": "sishasembapo.harga", "pk": 695, "fields": {"tanggal": "2020-05-11", "nama_sembako": 29, "nama_pasar": 1, "nominal": 32000, "validasi": true}}, {"model": "sishasembapo.harga", "pk": 696, "fields": {"tanggal": "2020-05-12", "nama_sembako": 29, "nama_pasar": 1, "nominal": 54000, "validasi": true}}, {"model": "sishasembapo.harga", "pk": 697, "fields": {"tanggal": "2020-05-13", "nama_sembako": 29, "nama_pasar": 1, "nominal": 100000, "validasi": true}}, {"model": "sishasembapo.harga", "pk": 698, "fields": {"tanggal": "2020-05-14", "nama_sembako": 29, "nama_pasar": 1, "nominal": 23000, "validasi": true}}, {"model": "sishasembapo.harga", "pk": 699, "fields": {"tanggal": "2020-05-15", "nama_sembako": 29, "nama_pasar": 1, "nominal": 2000, "validasi": true}}, {"model": "sishasembapo.harga", "pk": 700, "fields": {"tanggal": "2020-05-16", "nama_sembako": 29, "nama_pasar": 1, "nominal": 20000, "validasi": true}}, {"model": "sishasembapo.harga", "pk": 701, "fields": {"tanggal": "2020-05-17", "nama_sembako": 29, "nama_pasar": 1, "nominal": 23000, "validasi": true}}, {"model": "sishasembapo.harga", "pk": 702, "fields": {"tanggal": "2020-05-18", "nama_sembako": 29, "nama_pasar": 1, "nominal": 35000, "validasi": true}}, {"model": "sishasembapo.harga", "pk": 703, "fields": {"tanggal": "2020-05-19", "nama_sembako": 29, "nama_pasar": 1, "nominal": 35000, "validasi": true}}, {"model": "sishasembapo.harga", "pk": 704, "fields": {"tanggal": "2020-05-20", "nama_sembako": 29, "nama_pasar": 1, "nominal": 26000, "validasi": true}}, {"model": "sishasembapo.harga", "pk": 705, "fields": {"tanggal": "2020-05-21", "nama_sembako": 29, "nama_pasar": 1, "nominal": 25000, "validasi": true}}, {"model": "sishasembapo.harga", "pk": 706, "fields": {"tanggal": "2020-05-22", "nama_sembako": 29, "nama_pasar": 1, "nominal": 17000, "validasi": true}}, {"model": "sishasembapo.harga", "pk": 707, "fields": {"tanggal": "2020-05-23", "nama_sembako": 29, "nama_pasar": 1, "nominal": 25000, "validasi": true}}, {"model": "sishasembapo.harga", "pk": 708, "fields": {"tanggal": "2020-05-24", "nama_sembako": 29, "nama_pasar": 1, "nominal": 4000, "validasi": true}}, {"model": "sishasembapo.harga", "pk": 709, "fields": {"tanggal": "2020-05-25", "nama_sembako": 29, "nama_pasar": 1, "nominal": 7000, "validasi": true}}, {"model": "sishasembapo.harga", "pk": 710, "fields": {"tanggal": "2020-05-26", "nama_sembako": 29, "nama_pasar": 1, "nominal": 13000, "validasi": true}}, {"model": "sishasembapo.harga", "pk": 711, "fields": {"tanggal": "2020-05-27", "nama_sembako": 29, "nama_pasar": 1, "nominal": 10000, "validasi": true}}, {"model": "sishasembapo.harga", "pk": 712, "fields": {"tanggal": "2020-05-28", "nama_sembako": 29, "nama_pasar": 1, "nominal": 9000, "validasi": true}}, {"model": "sishasembapo.harga", "pk": 713, "fields": {"tanggal": "2020-05-29", "nama_sembako": 29, "nama_pasar": 1, "nominal": 20000, "validasi": true}}, {"model": "sishasembapo.harga", "pk": 714, "fields": {"tanggal": "2020-05-30", "nama_sembako": 29, "nama_pasar": 1, "nominal": 20000, "validasi": true}}, {"model": "sishasembapo.harga", "pk": 715, "fields": {"tanggal": "2020-05-31", "nama_sembako": 29, "nama_pasar": 1, "nominal": 10000, "validasi": true}}, {"model": "sishasembapo.harga", "pk": 716, "fields": {"tanggal": "2020-06-01", "nama_sembako": 29, "nama_pasar": 1, "nominal": 10500, "validasi": true}}, {"model": "sishasembapo.harga", "pk": 717, "fields": {"tanggal": "2020-06-02", "nama_sembako": 29, "nama_pasar": 1, "nominal": 10000, "validasi": true}}, {"model": "sishasembapo.harga", "pk": 718, "fields": {"tanggal": "2020-06-03", "nama_sembako": 29, "nama_pasar": 1, "nominal": 9000, "validasi": true}}, {"model": "sishasembapo.harga", "pk": 719, "fields": {"tanggal": "2020-06-04", "nama_sembako": 29, "nama_pasar": 1, "nominal": 12000, "validasi": true}}, {"model": "sishasembapo.harga", "pk": 720, "fields": {"tanggal": "2020-06-05", "nama_sembako": 29, "nama_pasar": 1, "nominal": 11500, "validasi": true}}, {"model": "sishasembapo.harga", "pk": 721, "fields": {"tanggal": "2020-06-06", "nama_sembako": 29, "nama_pasar": 1, "nominal": 30000, "validasi": true}}, {"model": "sishasembapo.harga", "pk": 722, "fields": {"tanggal": "2020-06-07", "nama_sembako": 29, "nama_pasar": 1, "nominal": 55000, "validasi": true}}, {"model": "sishasembapo.harga", "pk": 723, "fields": {"tanggal": "2020-06-08", "nama_sembako": 29, "nama_pasar": 1, "nominal": 100000, "validasi": true}}, {"model": "sishasembapo.harga", "pk": 724, "fields": {"tanggal": "2020-06-09", "nama_sembako": 29, "nama_pasar": 1, "nominal": 22500, "validasi": true}}, {"model": "sishasembapo.harga", "pk": 725, "fields": {"tanggal": "2020-06-10", "nama_sembako": 29, "nama_pasar": 1, "nominal": 2000, "validasi": true}}, {"model": "sishasembapo.harga", "pk": 726, "fields": {"tanggal": "2020-06-11", "nama_sembako": 29, "nama_pasar": 1, "nominal": 20000, "validasi": true}}, {"model": "sishasembapo.harga", "pk": 727, "fields": {"tanggal": "2020-06-12", "nama_sembako": 29, "nama_pasar": 1, "nominal": 23000, "validasi": true}}, {"model": "sishasembapo.harga", "pk": 728, "fields": {"tanggal": "2020-06-13", "nama_sembako": 29, "nama_pasar": 1, "nominal": 25000, "validasi": true}}, {"model": "sishasembapo.harga", "pk": 729, "fields": {"tanggal": "2020-06-14", "nama_sembako": 29, "nama_pasar": 1, "nominal": 35000, "validasi": true}}, {"model": "sishasembapo.harga", "pk": 730, "fields": {"tanggal": "2020-06-15", "nama_sembako": 29, "nama_pasar": 1, "nominal": 25000, "validasi": true}}, {"model": "sishasembapo.harga", "pk": 731, "fields": {"tanggal": "2020-06-16", "nama_sembako": 29, "nama_pasar": 1, "nominal": 25000, "validasi": true}}, {"model": "sishasembapo.harga", "pk": 732, "fields": {"tanggal": "2020-06-17", "nama_sembako": 29, "nama_pasar": 1, "nominal": 17000, "validasi": true}}, {"model": "sishasembapo.harga", "pk": 733, "fields": {"tanggal": "2020-06-18", "nama_sembako": 29, "nama_pasar": 1, "nominal": 25000, "validasi": true}}, {"model": "sishasembapo.harga", "pk": 734, "fields": {"tanggal": "2020-06-19", "nama_sembako": 29, "nama_pasar": 1, "nominal": 4000, "validasi": true}}, {"model": "sishasembapo.harga", "pk": 735, "fields": {"tanggal": "2020-06-20", "nama_sembako": 29, "nama_pasar": 1, "nominal": 7000, "validasi": true}}, {"model": "sishasembapo.harga", "pk": 736, "fields": {"tanggal": "2020-06-21", "nama_sembako": 29, "nama_pasar": 1, "nominal": 13000, "validasi": true}}, {"model": "sishasembapo.harga", "pk": 737, "fields": {"tanggal": "2020-06-22", "nama_sembako": 29, "nama_pasar": 1, "nominal": 10000, "validasi": true}}, {"model": "sishasembapo.harga", "pk": 738, "fields": {"tanggal": "2020-06-23", "nama_sembako": 29, "nama_pasar": 1, "nominal": 9000, "validasi": true}}, {"model": "sishasembapo.harga", "pk": 739, "fields": {"tanggal": "2020-06-24", "nama_sembako": 29, "nama_pasar": 1, "nominal": 20000, "validasi": true}}, {"model": "sishasembapo.harga", "pk": 740, "fields": {"tanggal": "2020-06-25", "nama_sembako": 29, "nama_pasar": 1, "nominal": 10000, "validasi": true}}, {"model": "sishasembapo.harga", "pk": 741, "fields": {"tanggal": "2020-06-26", "nama_sembako": 29, "nama_pasar": 1, "nominal": 10200, "validasi": true}}, {"model": "sishasembapo.harga", "pk": 742, "fields": {"tanggal": "2020-06-27", "nama_sembako": 29, "nama_pasar": 1, "nominal": 10500, "validasi": true}}, {"model": "sishasembapo.harga", "pk": 743, "fields": {"tanggal": "2020-06-28", "nama_sembako": 29, "nama_pasar": 1, "nominal": 9000, "validasi": true}}, {"model": "sishasembapo.harga", "pk": 744, "fields": {"tanggal": "2020-06-29", "nama_sembako": 29, "nama_pasar": 1, "nominal": 12000, "validasi": true}}, {"model": "sishasembapo.harga", "pk": 745, "fields": {"tanggal": "2020-06-30", "nama_sembako": 29, "nama_pasar": 1, "nominal": 11500, "validasi": true}}, {"model": "sishasembapo.harga", "pk": 746, "fields": {"tanggal": "2020-07-01", "nama_sembako": 29, "nama_pasar": 1, "nominal": 30000, "validasi": true}}, {"model": "sishasembapo.harga", "pk": 747, "fields": {"tanggal": "2020-07-02", "nama_sembako": 29, "nama_pasar": 1, "nominal": 53000, "validasi": true}}, {"model": "sishasembapo.harga", "pk": 748, "fields": {"tanggal": "2020-07-03", "nama_sembako": 29, "nama_pasar": 1, "nominal": 100000, "validasi": true}}, {"model": "sishasembapo.harga", "pk": 749, "fields": {"tanggal": "2020-07-04", "nama_sembako": 29, "nama_pasar": 1, "nominal": 22500, "validasi": true}}, {"model": "sishasembapo.harga", "pk": 750, "fields": {"tanggal": "2020-07-05", "nama_sembako": 29, "nama_pasar": 1, "nominal": 2000, "validasi": true}}, {"model": "sishasembapo.harga", "pk": 751, "fields": {"tanggal": "2020-07-06", "nama_sembako": 29, "nama_pasar": 1, "nominal": 20000, "validasi": true}}, {"model": "sishasembapo.harga", "pk": 752, "fields": {"tanggal": "2020-07-07", "nama_sembako": 29, "nama_pasar": 1, "nominal": 23000, "validasi": true}}, {"model": "sishasembapo.harga", "pk": 753, "fields": {"tanggal": "2020-07-08", "nama_sembako": 29, "nama_pasar": 1, "nominal": 25000, "validasi": true}}, {"model": "sishasembapo.harga", "pk": 754, "fields": {"tanggal": "2020-07-09", "nama_sembako": 29, "nama_pasar": 1, "nominal": 34000, "validasi": true}}, {"model": "sishasembapo.harga", "pk": 755, "fields": {"tanggal": "2020-07-10", "nama_sembako": 29, "nama_pasar": 1, "nominal": 25000, "validasi": true}}, {"model": "sishasembapo.harga", "pk": 756, "fields": {"tanggal": "2020-07-11", "nama_sembako": 29, "nama_pasar": 1, "nominal": 25000, "validasi": true}}, {"model": "sishasembapo.harga", "pk": 757, "fields": {"tanggal": "2020-07-12", "nama_sembako": 29, "nama_pasar": 1, "nominal": 17000, "validasi": true}}, {"model": "sishasembapo.harga", "pk": 758, "fields": {"tanggal": "2020-07-13", "nama_sembako": 29, "nama_pasar": 1, "nominal": 25000, "validasi": true}}, {"model": "sishasembapo.harga", "pk": 759, "fields": {"tanggal": "2020-07-14", "nama_sembako": 29, "nama_pasar": 1, "nominal": 4000, "validasi": true}}, {"model": "sishasembapo.harga", "pk": 760, "fields": {"tanggal": "2020-07-15", "nama_sembako": 29, "nama_pasar": 1, "nominal": 7000, "validasi": true}}, {"model": "sishasembapo.harga", "pk": 761, "fields": {"tanggal": "2020-07-16", "nama_sembako": 29, "nama_pasar": 1, "nominal": 13000, "validasi": true}}, {"model": "sishasembapo.harga", "pk": 762, "fields": {"tanggal": "2020-07-17", "nama_sembako": 29, "nama_pasar": 1, "nominal": 10000, "validasi": true}}, {"model": "sishasembapo.harga", "pk": 763, "fields": {"tanggal": "2020-07-18", "nama_sembako": 29, "nama_pasar": 1, "nominal": 9000, "validasi": true}}, {"model": "sishasembapo.harga", "pk": 764, "fields": {"tanggal": "2020-07-19", "nama_sembako": 29, "nama_pasar": 1, "nominal": 20000, "validasi": true}}, {"model": "sishasembapo.harga", "pk": 765, "fields": {"tanggal": "2020-07-20", "nama_sembako": 29, "nama_pasar": 1, "nominal": 10000, "validasi": true}}, {"model": "sishasembapo.harga", "pk": 766, "fields": {"tanggal": "2020-07-21", "nama_sembako": 29, "nama_pasar": 1, "nominal": 10500, "validasi": true}}, {"model": "sishasembapo.harga", "pk": 767, "fields": {"tanggal": "2020-07-22", "nama_sembako": 29, "nama_pasar": 1, "nominal": 10500, "validasi": true}}, {"model": "sishasembapo.harga", "pk": 768, "fields": {"tanggal": "2020-07-23", "nama_sembako": 29, "nama_pasar": 1, "nominal": 9000, "validasi": true}}, {"model": "sishasembapo.harga", "pk": 769, "fields": {"tanggal": "2020-07-24", "nama_sembako": 29, "nama_pasar": 1, "nominal": 12000, "validasi": true}}, {"model": "sishasembapo.harga", "pk": 770, "fields": {"tanggal": "2020-07-25", "nama_sembako": 29, "nama_pasar": 1, "nominal": 11500, "validasi": true}}, {"model": "sishasembapo.harga", "pk": 771, "fields": {"tanggal": "2020-07-26", "nama_sembako": 29, "nama_pasar": 1, "nominal": 31000, "validasi": true}}, {"model": "sishasembapo.harga", "pk": 772, "fields": {"tanggal": "2020-07-27", "nama_sembako": 29, "nama_pasar": 1, "nominal": 54000, "validasi": true}}, {"model": "sishasembapo.harga", "pk": 773, "fields": {"tanggal": "2020-07-28", "nama_sembako": 29, "nama_pasar": 1, "nominal": 100000, "validasi": true}}, {"model": "sishasembapo.harga", "pk": 774, "fields": {"tanggal": "2020-07-29", "nama_sembako": 29, "nama_pasar": 1, "nominal": 22500, "validasi": true}}, {"model": "sishasembapo.harga", "pk": 775, "fields": {"tanggal": "2020-07-30", "nama_sembako": 29, "nama_pasar": 1, "nominal": 2000, "validasi": true}}, {"model": "sishasembapo.harga", "pk": 776, "fields": {"tanggal": "2020-07-31", "nama_sembako": 29, "nama_pasar": 1, "nominal": 20000, "validasi": true}}, {"model": "sishasembapo.harga", "pk": 777, "fields": {"tanggal": "2020-08-01", "nama_sembako": 29, "nama_pasar": 1, "nominal": 23000, "validasi": true}}, {"model": "sishasembapo.harga", "pk": 778, "fields": {"tanggal": "2020-08-02", "nama_sembako": 29, "nama_pasar": 1, "nominal": 30000, "validasi": true}}, {"model": "sishasembapo.harga", "pk": 779, "fields": {"tanggal": "2020-08-03", "nama_sembako": 29, "nama_pasar": 1, "nominal": 33000, "validasi": true}}, {"model": "sishasembapo.harga", "pk": 780, "fields": {"tanggal": "2020-08-04", "nama_sembako": 29, "nama_pasar": 1, "nominal": 25000, "validasi": true}}, {"model": "sishasembapo.harga", "pk": 781, "fields": {"tanggal": "2020-08-05", "nama_sembako": 29, "nama_pasar": 1, "nominal": 25000, "validasi": true}}, {"model": "sishasembapo.harga", "pk": 782, "fields": {"tanggal": "2020-08-06", "nama_sembako": 29, "nama_pasar": 1, "nominal": 17000, "validasi": true}}, {"model": "sishasembapo.harga", "pk": 783, "fields": {"tanggal": "2020-08-07", "nama_sembako": 29, "nama_pasar": 1, "nominal": 25000, "validasi": true}}, {"model": "sishasembapo.harga", "pk": 784, "fields": {"tanggal": "2020-08-08", "nama_sembako": 29, "nama_pasar": 1, "nominal": 4000, "validasi": true}}, {"model": "sishasembapo.harga", "pk": 785, "fields": {"tanggal": "2020-08-09", "nama_sembako": 29, "nama_pasar": 1, "nominal": 7000, "validasi": true}}, {"model": "sishasembapo.harga", "pk": 786, "fields": {"tanggal": "2020-08-10", "nama_sembako": 29, "nama_pasar": 1, "nominal": 13000, "validasi": true}}, {"model": "sishasembapo.harga", "pk": 787, "fields": {"tanggal": "2020-08-11", "nama_sembako": 29, "nama_pasar": 1, "nominal": 10000, "validasi": true}}, {"model": "sishasembapo.harga", "pk": 788, "fields": {"tanggal": "2020-08-12", "nama_sembako": 29, "nama_pasar": 1, "nominal": 9000, "validasi": true}}, {"model": "sishasembapo.harga", "pk": 789, "fields": {"tanggal": "2020-08-13", "nama_sembako": 29, "nama_pasar": 1, "nominal": 20000, "validasi": true}}, {"model": "sishasembapo.harga", "pk": 790, "fields": {"tanggal": "2020-08-14", "nama_sembako": 29, "nama_pasar": 1, "nominal": 10000, "validasi": true}}, {"model": "sishasembapo.harga", "pk": 791, "fields": {"tanggal": "2020-08-15", "nama_sembako": 29, "nama_pasar": 1, "nominal": 10500, "validasi": true}}, {"model": "sishasembapo.harga", "pk": 792, "fields": {"tanggal": "2020-08-16", "nama_sembako": 29, "nama_pasar": 1, "nominal": 10500, "validasi": true}}, {"model": "sishasembapo.harga", "pk": 793, "fields": {"tanggal": "2020-08-17", "nama_sembako": 29, "nama_pasar": 1, "nominal": 9000, "validasi": true}}, {"model": "sishasembapo.harga", "pk": 794, "fields": {"tanggal": "2020-08-18", "nama_sembako": 29, "nama_pasar": 1, "nominal": 12000, "validasi": true}}, {"model": "sishasembapo.harga", "pk": 795, "fields": {"tanggal": "2020-08-19", "nama_sembako": 29, "nama_pasar": 1, "nominal": 11500, "validasi": true}}, {"model": "sishasembapo.harga", "pk": 796, "fields": {"tanggal": "2020-08-20", "nama_sembako": 29, "nama_pasar": 1, "nominal": 31000, "validasi": true}}, {"model": "sishasembapo.harga", "pk": 797, "fields": {"tanggal": "2020-08-21", "nama_sembako": 29, "nama_pasar": 1, "nominal": 53000, "validasi": true}}, {"model": "sishasembapo.harga", "pk": 798, "fields": {"tanggal": "2020-08-22", "nama_sembako": 29, "nama_pasar": 1, "nominal": 100000, "validasi": true}}, {"model": "sishasembapo.harga", "pk": 799, "fields": {"tanggal": "2020-08-23", "nama_sembako": 29, "nama_pasar": 1, "nominal": 22000, "validasi": true}}, {"model": "sishasembapo.harga", "pk": 800, "fields": {"tanggal": "2020-08-24", "nama_sembako": 29, "nama_pasar": 1, "nominal": 2000, "validasi": true}}, {"model": "sishasembapo.harga", "pk": 801, "fields": {"tanggal": "2020-08-25", "nama_sembako": 29, "nama_pasar": 1, "nominal": 20000, "validasi": true}}, {"model": "sishasembapo.harga", "pk": 802, "fields": {"tanggal": "2020-08-26", "nama_sembako": 29, "nama_pasar": 1, "nominal": 23000, "validasi": true}}, {"model": "sishasembapo.harga", "pk": 803, "fields": {"tanggal": "2020-08-27", "nama_sembako": 29, "nama_pasar": 1, "nominal": 30000, "validasi": true}}, {"model": "sishasembapo.harga", "pk": 804, "fields": {"tanggal": "2020-08-28", "nama_sembako": 29, "nama_pasar": 1, "nominal": 33000, "validasi": true}}, {"model": "sishasembapo.harga", "pk": 805, "fields": {"tanggal": "2020-08-29", "nama_sembako": 29, "nama_pasar": 1, "nominal": 25000, "validasi": true}}, {"model": "sishasembapo.harga", "pk": 806, "fields": {"tanggal": "2020-08-30", "nama_sembako": 29, "nama_pasar": 1, "nominal": 25000, "validasi": true}}, {"model": "sishasembapo.harga", "pk": 807, "fields": {"tanggal": "2020-08-31", "nama_sembako": 29, "nama_pasar": 1, "nominal": 17000, "validasi": true}}, {"model": "sishasembapo.harga", "pk": 808, "fields": {"tanggal": "2020-09-01", "nama_sembako": 29, "nama_pasar": 1, "nominal": 25000, "validasi": true}}, {"model": "sishasembapo.harga", "pk": 809, "fields": {"tanggal": "2020-09-02", "nama_sembako": 29, "nama_pasar": 1, "nominal": 4000, "validasi": true}}, {"model": "sishasembapo.harga", "pk": 810, "fields": {"tanggal": "2020-09-03", "nama_sembako": 29, "nama_pasar": 1, "nominal": 7000, "validasi": true}}, {"model": "sishasembapo.harga", "pk": 811, "fields": {"tanggal": "2020-09-04", "nama_sembako": 29, "nama_pasar": 1, "nominal": 12000, "validasi": true}}, {"model": "sishasembapo.harga", "pk": 812, "fields": {"tanggal": "2020-09-05", "nama_sembako": 29, "nama_pasar": 1, "nominal": 10000, "validasi": true}}, {"model": "sishasembapo.harga", "pk": 813, "fields": {"tanggal": "2020-09-06", "nama_sembako": 29, "nama_pasar": 1, "nominal": 9000, "validasi": true}}, {"model": "sishasembapo.harga", "pk": 814, "fields": {"tanggal": "2020-09-07", "nama_sembako": 29, "nama_pasar": 1, "nominal": 20000, "validasi": true}}, {"model": "sishasembapo.harga", "pk": 815, "fields": {"tanggal": "2020-09-08", "nama_sembako": 29, "nama_pasar": 1, "nominal": 10000, "validasi": true}}, {"model": "sishasembapo.harga", "pk": 816, "fields": {"tanggal": "2020-09-09", "nama_sembako": 29, "nama_pasar": 1, "nominal": 10500, "validasi": true}}, {"model": "sishasembapo.harga", "pk": 817, "fields": {"tanggal": "2020-09-10", "nama_sembako": 29, "nama_pasar": 1, "nominal": 10500, "validasi": true}}, {"model": "sishasembapo.harga", "pk": 818, "fields": {"tanggal": "2020-09-11", "nama_sembako": 29, "nama_pasar": 1, "nominal": 9000, "validasi": true}}, {"model": "sishasembapo.harga", "pk": 819, "fields": {"tanggal": "2020-09-12", "nama_sembako": 29, "nama_pasar": 1, "nominal": 12000, "validasi": true}}, {"model": "sishasembapo.harga", "pk": 820, "fields": {"tanggal": "2020-09-13", "nama_sembako": 29, "nama_pasar": 1, "nominal": 11500, "validasi": true}}, {"model": "sishasembapo.harga", "pk": 821, "fields": {"tanggal": "2020-09-14", "nama_sembako": 29, "nama_pasar": 1, "nominal": 32000, "validasi": true}}, {"model": "sishasembapo.harga", "pk": 822, "fields": {"tanggal": "2020-09-15", "nama_sembako": 29, "nama_pasar": 1, "nominal": 54000, "validasi": true}}, {"model": "sishasembapo.harga", "pk": 823, "fields": {"tanggal": "2020-09-16", "nama_sembako": 29, "nama_pasar": 1, "nominal": 25000, "validasi": true}}, {"model": "sishasembapo.harga", "pk": 824, "fields": {"tanggal": "2020-09-17", "nama_sembako": 29, "nama_pasar": 1, "nominal": 35000, "validasi": true}}, {"model": "sishasembapo.harga", "pk": 825, "fields": {"tanggal": "2020-09-18", "nama_sembako": 29, "nama_pasar": 1, "nominal": 25000, "validasi": true}}, {"model": "sishasembapo.harga", "pk": 826, "fields": {"tanggal": "2020-09-19", "nama_sembako": 29, "nama_pasar": 1, "nominal": 25000, "validasi": true}}, {"model": "sishasembapo.harga", "pk": 827, "fields": {"tanggal": "2020-09-20", "nama_sembako": 29, "nama_pasar": 1, "nominal": 18000, "validasi": true}}, {"model": "sishasembapo.harga", "pk": 828, "fields": {"tanggal": "2020-09-21", "nama_sembako": 29, "nama_pasar": 1, "nominal": 26000, "validasi": true}}, {"model": "sishasembapo.harga", "pk": 829, "fields": {"tanggal": "2020-09-22", "nama_sembako": 29, "nama_pasar": 1, "nominal": 4000, "validasi": true}}, {"model": "sishasembapo.harga", "pk": 830, "fields": {"tanggal": "2020-09-23", "nama_sembako": 29, "nama_pasar": 1, "nominal": 7000, "validasi": true}}, {"model": "sishasembapo.harga", "pk": 831, "fields": {"tanggal": "2020-09-24", "nama_sembako": 29, "nama_pasar": 1, "nominal": 13000, "validasi": true}}, {"model": "sishasembapo.harga", "pk": 832, "fields": {"tanggal": "2020-09-25", "nama_sembako": 29, "nama_pasar": 1, "nominal": 10000, "validasi": true}}, {"model": "sishasembapo.harga", "pk": 833, "fields": {"tanggal": "2020-09-26", "nama_sembako": 29, "nama_pasar": 1, "nominal": 9000, "validasi": true}}, {"model": "sishasembapo.harga", "pk": 834, "fields": {"tanggal": "2020-09-27", "nama_sembako": 29, "nama_pasar": 1, "nominal": 20000, "validasi": true}}, {"model": "sishasembapo.harga", "pk": 835, "fields": {"tanggal": "2020-09-28", "nama_sembako": 29, "nama_pasar": 1, "nominal": 10000, "validasi": true}}, {"model": "sishasembapo.harga", "pk": 836, "fields": {"tanggal": "2020-09-29", "nama_sembako": 29, "nama_pasar": 1, "nominal": 10500, "validasi": true}}, {"model": "sishasembapo.harga", "pk": 837, "fields": {"tanggal": "2020-09-30", "nama_sembako": 29, "nama_pasar": 1, "nominal": 10000, "validasi": true}}, {"model": "sishasembapo.harga", "pk": 838, "fields": {"tanggal": "2020-10-01", "nama_sembako": 29, "nama_pasar": 1, "nominal": 9000, "validasi": true}}, {"model": "sishasembapo.harga", "pk": 839, "fields": {"tanggal": "2020-10-02", "nama_sembako": 29, "nama_pasar": 1, "nominal": 12000, "validasi": true}}, {"model": "sishasembapo.harga", "pk": 840, "fields": {"tanggal": "2020-10-03", "nama_sembako": 29, "nama_pasar": 1, "nominal": 11500, "validasi": true}}, {"model": "sishasembapo.harga", "pk": 841, "fields": {"tanggal": "2020-10-04", "nama_sembako": 29, "nama_pasar": 1, "nominal": 30000, "validasi": true}}, {"model": "sishasembapo.harga", "pk": 842, "fields": {"tanggal": "2020-10-05", "nama_sembako": 29, "nama_pasar": 1, "nominal": 55000, "validasi": true}}, {"model": "sishasembapo.harga", "pk": 843, "fields": {"tanggal": "2020-10-06", "nama_sembako": 29, "nama_pasar": 1, "nominal": 100000, "validasi": true}}, {"model": "sishasembapo.harga", "pk": 844, "fields": {"tanggal": "2020-10-07", "nama_sembako": 29, "nama_pasar": 1, "nominal": 22500, "validasi": true}}, {"model": "sishasembapo.harga", "pk": 845, "fields": {"tanggal": "2020-10-08", "nama_sembako": 29, "nama_pasar": 1, "nominal": 2000, "validasi": true}}, {"model": "sishasembapo.harga", "pk": 846, "fields": {"tanggal": "2020-10-09", "nama_sembako": 29, "nama_pasar": 1, "nominal": 20000, "validasi": true}}, {"model": "sishasembapo.harga", "pk": 847, "fields": {"tanggal": "2020-10-10", "nama_sembako": 29, "nama_pasar": 1, "nominal": 23000, "validasi": true}}, {"model": "sishasembapo.harga", "pk": 848, "fields": {"tanggal": "2020-10-11", "nama_sembako": 29, "nama_pasar": 1, "nominal": 25000, "validasi": true}}, {"model": "sishasembapo.harga", "pk": 849, "fields": {"tanggal": "2020-10-12", "nama_sembako": 29, "nama_pasar": 1, "nominal": 35000, "validasi": true}}, {"model": "sishasembapo.harga", "pk": 850, "fields": {"tanggal": "2020-10-13", "nama_sembako": 29, "nama_pasar": 1, "nominal": 25000, "validasi": true}}, {"model": "sishasembapo.harga", "pk": 851, "fields": {"tanggal": "2020-10-14", "nama_sembako": 29, "nama_pasar": 1, "nominal": 25000, "validasi": true}}, {"model": "sishasembapo.harga", "pk": 852, "fields": {"tanggal": "2020-10-15", "nama_sembako": 29, "nama_pasar": 1, "nominal": 17000, "validasi": true}}, {"model": "sishasembapo.harga", "pk": 853, "fields": {"tanggal": "2020-10-16", "nama_sembako": 29, "nama_pasar": 1, "nominal": 25000, "validasi": true}}, {"model": "sishasembapo.harga", "pk": 854, "fields": {"tanggal": "2020-10-17", "nama_sembako": 29, "nama_pasar": 1, "nominal": 4000, "validasi": true}}, {"model": "sishasembapo.harga", "pk": 855, "fields": {"tanggal": "2020-10-18", "nama_sembako": 29, "nama_pasar": 1, "nominal": 7000, "validasi": true}}, {"model": "sishasembapo.harga", "pk": 856, "fields": {"tanggal": "2020-10-19", "nama_sembako": 29, "nama_pasar": 1, "nominal": 13000, "validasi": true}}, {"model": "sishasembapo.harga", "pk": 857, "fields": {"tanggal": "2020-10-20", "nama_sembako": 29, "nama_pasar": 1, "nominal": 10000, "validasi": true}}, {"model": "sishasembapo.harga", "pk": 858, "fields": {"tanggal": "2020-10-21", "nama_sembako": 29, "nama_pasar": 1, "nominal": 9000, "validasi": true}}, {"model": "sishasembapo.harga", "pk": 859, "fields": {"tanggal": "2020-10-22", "nama_sembako": 29, "nama_pasar": 1, "nominal": 20000, "validasi": true}}, {"model": "sishasembapo.harga", "pk": 860, "fields": {"tanggal": "2020-10-23", "nama_sembako": 29, "nama_pasar": 1, "nominal": 10000, "validasi": true}}, {"model": "sishasembapo.harga", "pk": 861, "fields": {"tanggal": "2020-10-24", "nama_sembako": 29, "nama_pasar": 1, "nominal": 10200, "validasi": true}}, {"model": "sishasembapo.harga", "pk": 862, "fields": {"tanggal": "2020-10-25", "nama_sembako": 29, "nama_pasar": 1, "nominal": 10500, "validasi": true}}, {"model": "sishasembapo.harga", "pk": 863, "fields": {"tanggal": "2020-10-26", "nama_sembako": 29, "nama_pasar": 1, "nominal": 9000, "validasi": true}}, {"model": "sishasembapo.harga", "pk": 1061, "fields": {"tanggal": "2020-10-27", "nama_sembako": 29, "nama_pasar": 1, "nominal": 12000, "validasi": true}}, {"model": "sishasembapo.harga", "pk": 1062, "fields": {"tanggal": "2020-10-28", "nama_sembako": 29, "nama_pasar": 1, "nominal": 11500, "validasi": true}}, {"model": "sishasembapo.harga", "pk": 1063, "fields": {"tanggal": "2020-10-29", "nama_sembako": 29, "nama_pasar": 1, "nominal": 30000, "validasi": true}}, {"model": "sishasembapo.harga", "pk": 1064, "fields": {"tanggal": "2020-10-30", "nama_sembako": 29, "nama_pasar": 1, "nominal": 53000, "validasi": true}}, {"model": "sishasembapo.harga", "pk": 1065, "fields": {"tanggal": "2020-10-31", "nama_sembako": 29, "nama_pasar": 1, "nominal": 100000, "validasi": true}}, {"model": "sishasembapo.harga", "pk": 1066, "fields": {"tanggal": "2020-11-01", "nama_sembako": 29, "nama_pasar": 1, "nominal": 22500, "validasi": true}}, {"model": "sishasembapo.harga", "pk": 1067, "fields": {"tanggal": "2020-11-02", "nama_sembako": 29, "nama_pasar": 1, "nominal": 2000, "validasi": true}}, {"model": "sishasembapo.harga", "pk": 1068, "fields": {"tanggal": "2020-11-03", "nama_sembako": 29, "nama_pasar": 1, "nominal": 20000, "validasi": true}}, {"model": "sishasembapo.harga", "pk": 1069, "fields": {"tanggal": "2020-11-04", "nama_sembako": 29, "nama_pasar": 1, "nominal": 23000, "validasi": true}}, {"model": "sishasembapo.harga", "pk": 1070, "fields": {"tanggal": "2020-11-05", "nama_sembako": 29, "nama_pasar": 1, "nominal": 25000, "validasi": true}}, {"model": "sishasembapo.harga", "pk": 1071, "fields": {"tanggal": "2020-11-06", "nama_sembako": 29, "nama_pasar": 1, "nominal": 34000, "validasi": true}}, {"model": "sishasembapo.harga", "pk": 1072, "fields": {"tanggal": "2020-11-07", "nama_sembako": 29, "nama_pasar": 1, "nominal": 25000, "validasi": true}}, {"model": "sishasembapo.harga", "pk": 1073, "fields": {"tanggal": "2020-11-08", "nama_sembako": 29, "nama_pasar": 1, "nominal": 25000, "validasi": true}}, {"model": "sishasembapo.harga", "pk": 1074, "fields": {"tanggal": "2020-11-09", "nama_sembako": 29, "nama_pasar": 1, "nominal": 17000, "validasi": true}}, {"model": "sishasembapo.harga", "pk": 1075, "fields": {"tanggal": "2020-11-10", "nama_sembako": 29, "nama_pasar": 1, "nominal": 25000, "validasi": true}}, {"model": "sishasembapo.harga", "pk": 1076, "fields": {"tanggal": "2020-11-11", "nama_sembako": 29, "nama_pasar": 1, "nominal": 4000, "validasi": true}}, {"model": "sishasembapo.harga", "pk": 1077, "fields": {"tanggal": "2020-11-12", "nama_sembako": 29, "nama_pasar": 1, "nominal": 7000, "validasi": true}}, {"model": "sishasembapo.harga", "pk": 1078, "fields": {"tanggal": "2020-11-13", "nama_sembako": 29, "nama_pasar": 1, "nominal": 13000, "validasi": true}}, {"model": "sishasembapo.harga", "pk": 1079, "fields": {"tanggal": "2020-11-14", "nama_sembako": 29, "nama_pasar": 1, "nominal": 10000, "validasi": true}}, {"model": "sishasembapo.harga", "pk": 1080, "fields": {"tanggal": "2020-11-15", "nama_sembako": 29, "nama_pasar": 1, "nominal": 9000, "validasi": true}}, {"model": "sishasembapo.harga", "pk": 1081, "fields": {"tanggal": "2020-11-16", "nama_sembako": 29, "nama_pasar": 1, "nominal": 20000, "validasi": true}}, {"model": "sishasembapo.harga", "pk": 1082, "fields": {"tanggal": "2020-11-17", "nama_sembako": 29, "nama_pasar": 1, "nominal": 10000, "validasi": true}}, {"model": "sishasembapo.harga", "pk": 1083, "fields": {"tanggal": "2020-11-18", "nama_sembako": 29, "nama_pasar": 1, "nominal": 10500, "validasi": true}}, {"model": "sishasembapo.harga", "pk": 1084, "fields": {"tanggal": "2020-11-19", "nama_sembako": 29, "nama_pasar": 1, "nominal": 10500, "validasi": true}}, {"model": "sishasembapo.harga", "pk": 1085, "fields": {"tanggal": "2020-11-20", "nama_sembako": 29, "nama_pasar": 1, "nominal": 9000, "validasi": true}}, {"model": "sishasembapo.harga", "pk": 1086, "fields": {"tanggal": "2020-11-21", "nama_sembako": 29, "nama_pasar": 1, "nominal": 12000, "validasi": true}}, {"model": "sishasembapo.harga", "pk": 1087, "fields": {"tanggal": "2020-11-22", "nama_sembako": 29, "nama_pasar": 1, "nominal": 11500, "validasi": true}}, {"model": "sishasembapo.harga", "pk": 1088, "fields": {"tanggal": "2020-11-23", "nama_sembako": 29, "nama_pasar": 1, "nominal": 31000, "validasi": true}}, {"model": "sishasembapo.harga", "pk": 1089, "fields": {"tanggal": "2020-11-24", "nama_sembako": 29, "nama_pasar": 1, "nominal": 54000, "validasi": true}}, {"model": "sishasembapo.harga", "pk": 1090, "fields": {"tanggal": "2020-11-25", "nama_sembako": 29, "nama_pasar": 1, "nominal": 100000, "validasi": true}}, {"model": "sishasembapo.harga", "pk": 1091, "fields": {"tanggal": "2020-11-26", "nama_sembako": 29, "nama_pasar": 1, "nominal": 22500, "validasi": true}}, {"model": "sishasembapo.harga", "pk": 1092, "fields": {"tanggal": "2020-11-27", "nama_sembako": 29, "nama_pasar": 1, "nominal": 2000, "validasi": true}}, {"model": "sishasembapo.harga", "pk": 1093, "fields": {"tanggal": "2020-11-28", "nama_sembako": 29, "nama_pasar": 1, "nominal": 20000, "validasi": true}}, {"model": "sishasembapo.harga", "pk": 1094, "fields": {"tanggal": "2020-11-29", "nama_sembako": 29, "nama_pasar": 1, "nominal": 23000, "validasi": true}}, {"model": "sishasembapo.harga", "pk": 1095, "fields": {"tanggal": "2020-11-30", "nama_sembako": 29, "nama_pasar": 1, "nominal": 30000, "validasi": true}}, {"model": "sishasembapo.harga", "pk": 1096, "fields": {"tanggal": "2020-12-01", "nama_sembako": 29, "nama_pasar": 1, "nominal": 33000, "validasi": true}}, {"model": "sishasembapo.harga", "pk": 1097, "fields": {"tanggal": "2020-12-02", "nama_sembako": 29, "nama_pasar": 1, "nominal": 25000, "validasi": true}}, {"model": "sishasembapo.harga", "pk": 1098, "fields": {"tanggal": "2020-12-03", "nama_sembako": 29, "nama_pasar": 1, "nominal": 25000, "validasi": true}}, {"model": "sishasembapo.harga", "pk": 1099, "fields": {"tanggal": "2020-12-04", "nama_sembako": 29, "nama_pasar": 1, "nominal": 17000, "validasi": true}}, {"model": "sishasembapo.harga", "pk": 1100, "fields": {"tanggal": "2020-12-05", "nama_sembako": 29, "nama_pasar": 1, "nominal": 25000, "validasi": true}}, {"model": "sishasembapo.harga", "pk": 1101, "fields": {"tanggal": "2020-12-06", "nama_sembako": 29, "nama_pasar": 1, "nominal": 4000, "validasi": true}}, {"model": "sishasembapo.harga", "pk": 1102, "fields": {"tanggal": "2020-12-07", "nama_sembako": 29, "nama_pasar": 1, "nominal": 7000, "validasi": true}}, {"model": "sishasembapo.harga", "pk": 1103, "fields": {"tanggal": "2020-12-08", "nama_sembako": 29, "nama_pasar": 1, "nominal": 13000, "validasi": true}}, {"model": "sishasembapo.harga", "pk": 1104, "fields": {"tanggal": "2020-12-09", "nama_sembako": 29, "nama_pasar": 1, "nominal": 10000, "validasi": true}}, {"model": "sishasembapo.harga", "pk": 1105, "fields": {"tanggal": "2020-12-10", "nama_sembako": 29, "nama_pasar": 1, "nominal": 9000, "validasi": true}}, {"model": "sishasembapo.harga", "pk": 1106, "fields": {"tanggal": "2020-12-11", "nama_sembako": 29, "nama_pasar": 1, "nominal": 20000, "validasi": true}}, {"model": "sishasembapo.harga", "pk": 1107, "fields": {"tanggal": "2020-12-12", "nama_sembako": 29, "nama_pasar": 1, "nominal": 10000, "validasi": true}}, {"model": "sishasembapo.harga", "pk": 1108, "fields": {"tanggal": "2020-12-13", "nama_sembako": 29, "nama_pasar": 1, "nominal": 10500, "validasi": true}}, {"model": "sishasembapo.harga", "pk": 1109, "fields": {"tanggal": "2020-12-14", "nama_sembako": 29, "nama_pasar": 1, "nominal": 10500, "validasi": true}}, {"model": "sishasembapo.harga", "pk": 1110, "fields": {"tanggal": "2020-12-15", "nama_sembako": 29, "nama_pasar": 1, "nominal": 9000, "validasi": true}}, {"model": "sishasembapo.harga", "pk": 1111, "fields": {"tanggal": "2020-12-16", "nama_sembako": 29, "nama_pasar": 1, "nominal": 12000, "validasi": true}}, {"model": "sishasembapo.harga", "pk": 1112, "fields": {"tanggal": "2020-12-17", "nama_sembako": 29, "nama_pasar": 1, "nominal": 11500, "validasi": true}}, {"model": "sishasembapo.harga", "pk": 1113, "fields": {"tanggal": "2020-12-18", "nama_sembako": 29, "nama_pasar": 1, "nominal": 31000, "validasi": true}}, {"model": "sishasembapo.harga", "pk": 1114, "fields": {"tanggal": "2020-12-19", "nama_sembako": 29, "nama_pasar": 1, "nominal": 53000, "validasi": true}}, {"model": "sishasembapo.harga", "pk": 1115, "fields": {"tanggal": "2020-12-20", "nama_sembako": 29, "nama_pasar": 1, "nominal": 100000, "validasi": true}}, {"model": "sishasembapo.harga", "pk": 1116, "fields": {"tanggal": "2020-12-21", "nama_sembako": 29, "nama_pasar": 1, "nominal": 22000, "validasi": true}}, {"model": "sishasembapo.harga", "pk": 1117, "fields": {"tanggal": "2020-12-22", "nama_sembako": 29, "nama_pasar": 1, "nominal": 2000, "validasi": true}}, {"model": "sishasembapo.harga", "pk": 1118, "fields": {"tanggal": "2020-12-23", "nama_sembako": 29, "nama_pasar": 1, "nominal": 20000, "validasi": true}}, {"model": "sishasembapo.harga", "pk": 1119, "fields": {"tanggal": "2020-12-24", "nama_sembako": 29, "nama_pasar": 1, "nominal": 23000, "validasi": true}}, {"model": "sishasembapo.harga", "pk": 1120, "fields": {"tanggal": "2020-12-25", "nama_sembako": 29, "nama_pasar": 1, "nominal": 30000, "validasi": true}}, {"model": "sishasembapo.harga", "pk": 1121, "fields": {"tanggal": "2020-12-26", "nama_sembako": 29, "nama_pasar": 1, "nominal": 33000, "validasi": true}}, {"model": "sishasembapo.harga", "pk": 1122, "fields": {"tanggal": "2020-12-27", "nama_sembako": 29, "nama_pasar": 1, "nominal": 25000, "validasi": true}}, {"model": "sishasembapo.harga", "pk": 1123, "fields": {"tanggal": "2020-12-28", "nama_sembako": 29, "nama_pasar": 1, "nominal": 25000, "validasi": true}}, {"model": "sishasembapo.harga", "pk": 1124, "fields": {"tanggal": "2020-12-29", "nama_sembako": 29, "nama_pasar": 1, "nominal": 17000, "validasi": true}}, {"model": "sishasembapo.harga", "pk": 1125, "fields": {"tanggal": "2020-12-30", "nama_sembako": 29, "nama_pasar": 1, "nominal": 25000, "validasi": true}}, {"model": "sishasembapo.harga", "pk": 1126, "fields": {"tanggal": "2020-12-31", "nama_sembako": 29, "nama_pasar": 1, "nominal": 4000, "validasi": true}}, {"model": "sishasembapo.harga", "pk": 1127, "fields": {"tanggal": "2020-01-13", "nama_sembako": 28, "nama_pasar": 2, "nominal": 20000, "validasi": true}}, {"model": "sishasembapo.harga", "pk": 1128, "fields": {"tanggal": "2020-02-13", "nama_sembako": 28, "nama_pasar": 2, "nominal": 10000, "validasi": true}}, {"model": "sishasembapo.harga", "pk": 1129, "fields": {"tanggal": "2020-04-13", "nama_sembako": 28, "nama_pasar": 2, "nominal": 18000, "validasi": true}}, {"model": "sishasembapo.harga", "pk": 1130, "fields": {"tanggal": "2020-07-13", "nama_sembako": 28, "nama_pasar": 2, "nominal": 10000, "validasi": true}}, {"model": "sishasembapo.harga", "pk": 1131, "fields": {"tanggal": "2020-02-17", "nama_sembako": 28, "nama_pasar": 2, "nominal": 14000, "validasi": true}}, {"model": "sishasembapo.harga", "pk": 1132, "fields": {"tanggal": "2020-02-18", "nama_sembako": 28, "nama_pasar": 2, "nominal": 15000, "validasi": true}}, {"model": "sishasembapo.harga", "pk": 1133, "fields": {"tanggal": "2020-02-19", "nama_sembako": 28, "nama_pasar": 2, "nominal": 90000, "validasi": true}}, {"model": "sishasembapo.harga", "pk": 1134, "fields": {"tanggal": "2020-02-17", "nama_sembako": 30, "nama_pasar": 2, "nominal": 20000, "validasi": true}}, {"model": "sishasembapo.harga", "pk": 1135, "fields": {"tanggal": "2020-02-18", "nama_sembako": 30, "nama_pasar": 2, "nominal": 10000, "validasi": true}}, {"model": "sishasembapo.harga", "pk": 1148, "fields": {"tanggal": "2020-03-09", "nama_sembako": 28, "nama_pasar": 2, "nominal": 14000, "validasi": true}}, {"model": "sishasembapo.harga", "pk": 1149, "fields": {"tanggal": "2020-03-10", "nama_sembako": 28, "nama_pasar": 2, "nominal": 10000, "validasi": true}}, {"model": "sishasembapo.harga", "pk": 1150, "fields": {"tanggal": "2020-03-11", "nama_sembako": 28, "nama_pasar": 2, "nominal": 12000, "validasi": true}}, {"model": "sishasembapo.harga", "pk": 1151, "fields": {"tanggal": "2020-03-12", "nama_sembako": 28, "nama_pasar": 2, "nominal": 11000, "validasi": true}}, {"model": "sishasembapo.harga", "pk": 1152, "fields": {"tanggal": "2020-03-13", "nama_sembako": 28, "nama_pasar": 2, "nominal": 9000, "validasi": true}}, {"model": "sishasembapo.harga", "pk": 1153, "fields": {"tanggal": "2020-03-15", "nama_sembako": 30, "nama_pasar": 1, "nominal": 14000, "validasi": true}}, {"model": "sishasembapo.harga", "pk": 1154, "fields": {"tanggal": "2020-03-15", "nama_sembako": 31, "nama_pasar": 1, "nominal": 14000, "validasi": true}}, {"model": "sishasembapo.harga", "pk": 1155, "fields": {"tanggal": "2020-03-22", "nama_sembako": 42, "nama_pasar": 1, "nominal": 100000, "validasi": true}}, {"model": "sishasembapo.harga", "pk": 1156, "fields": {"tanggal": "2020-03-22", "nama_sembako": 43, "nama_pasar": 1, "nominal": 20000, "validasi": true}}, {"model": "contenttypes.contenttype", "pk": 1, "fields": {"app_label": "auth", "model": "permission"}}, {"model": "contenttypes.contenttype", "pk": 2, "fields": {"app_label": "auth", "model": "group"}}, {"model": "contenttypes.contenttype", "pk": 3, "fields": {"app_label": "auth", "model": "user"}}, {"model": "contenttypes.contenttype", "pk": 4, "fields": {"app_label": "sishasembapo", "model": "pasar"}}, {"model": "contenttypes.contenttype", "pk": 5, "fields": {"app_label": "sishasembapo", "model": "sembako"}}, {"model": "contenttypes.contenttype", "pk": 6, "fields": {"app_label": "sishasembapo", "model": "petugaspasar"}}, {"model": "contenttypes.contenttype", "pk": 7, "fields": {"app_label": "sishasembapo", "model": "harga"}}, {"model": "contenttypes.contenttype", "pk": 8, "fields": {"app_label": "admin", "model": "logentry"}}, {"model": "contenttypes.contenttype", "pk": 9, "fields": {"app_label": "contenttypes", "model": "contenttype"}}, {"model": "contenttypes.contenttype", "pk": 10, "fields": {"app_label": "sessions", "model": "session"}}, {"model": "contenttypes.contenttype", "pk": 11, "fields": {"app_label": "sishasembapo", "model": "satuan"}}, {"model": "sessions.session", "pk": "0s2rn1jirj72d42q9jij207f81j3lzt4", "fields": {"session_data": "NTRiOTViYmI2ZjY5YWRjNjJhMjExNzFhOWRjYWJkNzE3NzFmYmI2Njp7fQ==", "expire_date": "2020-04-05T01:25:33.606Z"}}, {"model": "sessions.session", "pk": "1yoyh5rjfz6wjvgmtqfgmt3d9pmipdun", "fields": {"session_data": "NTRiOTViYmI2ZjY5YWRjNjJhMjExNzFhOWRjYWJkNzE3NzFmYmI2Njp7fQ==", "expire_date": "2019-12-28T01:41:39.168Z"}}, {"model": "sessions.session", "pk": "1zevtn21ofs3gh88xta3mx885mzlgcre", "fields": {"session_data": "NTRiOTViYmI2ZjY5YWRjNjJhMjExNzFhOWRjYWJkNzE3NzFmYmI2Njp7fQ==", "expire_date": "2020-04-05T01:18:47.819Z"}}, {"model": "sessions.session", "pk": "21v4n9hgrh4i1tbiqb9qy81xtalzubg5", "fields": {"session_data": "NTRiOTViYmI2ZjY5YWRjNjJhMjExNzFhOWRjYWJkNzE3NzFmYmI2Njp7fQ==", "expire_date": "2020-04-05T02:36:55.693Z"}}, {"model": "sessions.session", "pk": "2y9way5dyuw8trmblsu31rfkgngmc013", "fields": {"session_data": "NTRiOTViYmI2ZjY5YWRjNjJhMjExNzFhOWRjYWJkNzE3NzFmYmI2Njp7fQ==", "expire_date": "2020-04-05T01:43:02.889Z"}}, {"model": "sessions.session", "pk": "36uhljpejuin9nqratbmlmplmk8c9dcx", "fields": {"session_data": "NTRiOTViYmI2ZjY5YWRjNjJhMjExNzFhOWRjYWJkNzE3NzFmYmI2Njp7fQ==", "expire_date": "2020-04-05T01:21:37.909Z"}}, {"model": "sessions.session", "pk": "5i6pvmvuwefm4hod5o4ashncjgd0aoum", "fields": {"session_data": "NTRiOTViYmI2ZjY5YWRjNjJhMjExNzFhOWRjYWJkNzE3NzFmYmI2Njp7fQ==", "expire_date": "2020-04-05T02:35:57.607Z"}}, {"model": "sessions.session", "pk": "5xp0b4iyrz7fzw8fm44wv1ek3d5maysu", "fields": {"session_data": "NTRiOTViYmI2ZjY5YWRjNjJhMjExNzFhOWRjYWJkNzE3NzFmYmI2Njp7fQ==", "expire_date": "2020-04-05T02:04:53.507Z"}}, {"model": "sessions.session", "pk": "6s06c48k15muyonqa1e5hijtb708ucrn", "fields": {"session_data": "OWEzNzNjOWFmMDMzZjkwNmUzNWNkZTQ1NTAwZjk0MDM4N2JjZGZlMTp7InVybCI6Ii8iLCJfYXV0aF91c2VyX2lkIjoiMyIsIl9hdXRoX3VzZXJfYmFja2VuZCI6ImRqYW5nby5jb250cmliLmF1dGguYmFja2VuZHMuTW9kZWxCYWNrZW5kIiwiX2F1dGhfdXNlcl9oYXNoIjoiMzBkM2MzZTE5NzQyMGZkNzYzODZlNzg2ZjExMzc3MzgzZGI1NDYzZCIsIm5hbWEiOiJZdXNyYW4gSWh6YSBNYWhlbmRyYSIsInBhc2FyIjoiUGFzYXIgU2V0b25vIEJldGVrIiwiaWQiOjN9", "expire_date": "2020-04-13T11:29:14.802Z"}}, {"model": "sessions.session", "pk": "7j8fz8fzwviotgf7owr3h4c1xgwovnqy", "fields": {"session_data": "NTRiOTViYmI2ZjY5YWRjNjJhMjExNzFhOWRjYWJkNzE3NzFmYmI2Njp7fQ==", "expire_date": "2020-04-05T02:25:21.427Z"}}, {"model": "sessions.session", "pk": "b7egedhux2alg5l4spy1uyq0strgec9y", "fields": {"session_data": "NTRiOTViYmI2ZjY5YWRjNjJhMjExNzFhOWRjYWJkNzE3NzFmYmI2Njp7fQ==", "expire_date": "2020-04-05T02:35:09.279Z"}}, {"model": "sessions.session", "pk": "d631gzsznfiuu18pe8jqb5pkpmujfzo6", "fields": {"session_data": "NTRiOTViYmI2ZjY5YWRjNjJhMjExNzFhOWRjYWJkNzE3NzFmYmI2Njp7fQ==", "expire_date": "2020-04-05T02:38:21.490Z"}}, {"model": "sessions.session", "pk": "dgg2o3u52v9tkx3d8l5jt78io09lz41s", "fields": {"session_data": "NTRiOTViYmI2ZjY5YWRjNjJhMjExNzFhOWRjYWJkNzE3NzFmYmI2Njp7fQ==", "expire_date": "2020-04-05T01:49:08.310Z"}}, {"model": "sessions.session", "pk": "h6jc4f177517kl0p4ghv3dzlt049lihb", "fields": {"session_data": "MTdjNDIzOGQzZTgzYmY4YmNjNjU0MzlhZDI5MDQ1NWQ2NWYzMmUyZDp7Il9hdXRoX3VzZXJfaWQiOiIyIiwiX2F1dGhfdXNlcl9iYWNrZW5kIjoiZGphbmdvLmNvbnRyaWIuYXV0aC5iYWNrZW5kcy5Nb2RlbEJhY2tlbmQiLCJfYXV0aF91c2VyX2hhc2giOiJmMGJmZDgxMjNmNTgyYmUxNGVhNDcxNWM1NjUyMDE3MDYzODEyYzI2In0=", "expire_date": "2019-12-28T12:02:12.871Z"}}, {"model": "sessions.session", "pk": "hq9po2j3n6v6x4ihr88n0e0ycfurdv43", "fields": {"session_data": "NjJmYjhjMGQxMTM0NWZiZTkyNmQwNDM2Zjc5ZGJjYjA3MmUzNGYxMjp7Il9hdXRoX3VzZXJfaWQiOiIyIiwiX2F1dGhfdXNlcl9iYWNrZW5kIjoiZGphbmdvLmNvbnRyaWIuYXV0aC5iYWNrZW5kcy5Nb2RlbEJhY2tlbmQiLCJfYXV0aF91c2VyX2hhc2giOiJkZDkwMTBkMDFhZTMwZThlYWRiMDViMWQ0NTU3ZDkyMWIyMWU1MDg0In0=", "expire_date": "2020-04-06T12:46:42.637Z"}}, {"model": "sessions.session", "pk": "isxro0u2wcfdv40mfjb85szapygfg7j0", "fields": {"session_data": "NTRiOTViYmI2ZjY5YWRjNjJhMjExNzFhOWRjYWJkNzE3NzFmYmI2Njp7fQ==", "expire_date": "2020-04-05T01:50:12.101Z"}}, {"model": "sessions.session", "pk": "l3f3ya9ymg4uex58gwlx7kwbrpc312dy", "fields": {"session_data": "ODA0NTRkYmI1ZGNkNTAxOWUzOWNhMmQzMDFhNTliYzZiNGM3OGNmYzp7Il9hdXRoX3VzZXJfaWQiOiIzIiwiX2F1dGhfdXNlcl9iYWNrZW5kIjoiZGphbmdvLmNvbnRyaWIuYXV0aC5iYWNrZW5kcy5Nb2RlbEJhY2tlbmQiLCJfYXV0aF91c2VyX2hhc2giOiIzMGQzYzNlMTk3NDIwZmQ3NjM4NmU3ODZmMTEzNzczODNkYjU0NjNkIiwibmFtYSI6Ill1c3JhbiBJaHphIE1haGVuZHJhIiwicGFzYXIiOiJQYXNhciBTZXRvbm8gQmV0ZWsiLCJpZCI6M30=", "expire_date": "2020-04-06T09:06:58.068Z"}}, {"model": "sessions.session", "pk": "l5piwgmnuxued9lpzk06u6mam17ohosk", "fields": {"session_data": "NTRiOTViYmI2ZjY5YWRjNjJhMjExNzFhOWRjYWJkNzE3NzFmYmI2Njp7fQ==", "expire_date": "2020-04-05T02:07:45.450Z"}}, {"model": "sessions.session", "pk": "lbtuf315vv2rjn6e04stclil79gadz87", "fields": {"session_data": "NTRiOTViYmI2ZjY5YWRjNjJhMjExNzFhOWRjYWJkNzE3NzFmYmI2Njp7fQ==", "expire_date": "2019-12-28T01:42:24.685Z"}}, {"model": "sessions.session", "pk": "lo1pcsln4lk2bntg4guy1ilzdizl4y98", "fields": {"session_data": "ODFlMTU1ZjIyODBlYzc5ZWE5ZDg2ODEyODVjY2NmNThkZThmYmU2Yzp7Il9hdXRoX3VzZXJfaWQiOiIzIiwiX2F1dGhfdXNlcl9iYWNrZW5kIjoiZGphbmdvLmNvbnRyaWIuYXV0aC5iYWNrZW5kcy5Nb2RlbEJhY2tlbmQiLCJfYXV0aF91c2VyX2hhc2giOiIwN2M1Nzc0NWZiMDEyZjE1MzU2NDM2NzgyODQxZjAwMTEzZmQ5N2U3IiwibmFtYSI6Ill1c3JhbiBJaHphIE1haGVuZHJhIiwicGFzYXIiOiJQYXNhciBTZXRvbm8gQmV0ZWsiLCJpZCI6M30=", "expire_date": "2019-12-28T02:25:52.793Z"}}, {"model": "sessions.session", "pk": "mmf0i5ryji9grxehxpq6t19obtt9ilmu", "fields": {"session_data": "Y2E4M2IxMmJiOWRlMTAyNWE2ODdlZDA0NTI1YmYxNmVjOWYzY2MxNjp7Il9hdXRoX3VzZXJfaWQiOiI0IiwiX2F1dGhfdXNlcl9iYWNrZW5kIjoiZGphbmdvLmNvbnRyaWIuYXV0aC5iYWNrZW5kcy5Nb2RlbEJhY2tlbmQiLCJfYXV0aF91c2VyX2hhc2giOiIyOWQ0ZDE2OWI5MGFjY2MwMzUxNGZkMzMxZDY5ZWE2MDNhNTMxOTAzIiwibmFtYSI6Illlc3NpY2EgVGFtYXJhIiwicGFzYXIiOiJQYXNhciBQYWhpbmciLCJpZCI6NCwidXJsIjoiL3RhYmVsLyJ9", "expire_date": "2020-04-10T10:46:28.510Z"}}, {"model": "sessions.session", "pk": "ps4twftuotyelb26sbz4sfie8v1un98r", "fields": {"session_data": "NTRiOTViYmI2ZjY5YWRjNjJhMjExNzFhOWRjYWJkNzE3NzFmYmI2Njp7fQ==", "expire_date": "2020-04-05T01:20:19.054Z"}}, {"model": "sessions.session", "pk": "tt8vau3953f6ddhcz00z4ds3a20z2kt0", "fields": {"session_data": "NTRiOTViYmI2ZjY5YWRjNjJhMjExNzFhOWRjYWJkNzE3NzFmYmI2Njp7fQ==", "expire_date": "2020-04-05T02:38:32.076Z"}}, {"model": "sessions.session", "pk": "u7v1vp58q32f8foxwugdsm82oaczpd6u", "fields": {"session_data": "ODMwYzViMTUxYmQwZTMwZjhiZmNkY2UyOTYxNmY3NGZkZjMyNWJkNjp7Il9hdXRoX3VzZXJfaWQiOiIxIiwiX2F1dGhfdXNlcl9iYWNrZW5kIjoiZGphbmdvLmNvbnRyaWIuYXV0aC5iYWNrZW5kcy5Nb2RlbEJhY2tlbmQiLCJfYXV0aF91c2VyX2hhc2giOiIxNGQwMGEzMjlmMTRhZjI2YmU0MzkzYjE4MTAwNDUxNWE3MTM4YWQ1In0=", "expire_date": "2020-03-05T10:41:19.414Z"}}, {"model": "sessions.session", "pk": "v7gz3q8ltjd2fvvwlcu7tai4fy0bpy4a", "fields": {"session_data": "ODFlMTU1ZjIyODBlYzc5ZWE5ZDg2ODEyODVjY2NmNThkZThmYmU2Yzp7Il9hdXRoX3VzZXJfaWQiOiIzIiwiX2F1dGhfdXNlcl9iYWNrZW5kIjoiZGphbmdvLmNvbnRyaWIuYXV0aC5iYWNrZW5kcy5Nb2RlbEJhY2tlbmQiLCJfYXV0aF91c2VyX2hhc2giOiIwN2M1Nzc0NWZiMDEyZjE1MzU2NDM2NzgyODQxZjAwMTEzZmQ5N2U3IiwibmFtYSI6Ill1c3JhbiBJaHphIE1haGVuZHJhIiwicGFzYXIiOiJQYXNhciBTZXRvbm8gQmV0ZWsiLCJpZCI6M30=", "expire_date": "2019-12-28T07:05:40.428Z"}}, {"model": "sessions.session", "pk": "vllwhmxjlsao5h0iiwwotxc4nu9u1l8g", "fields": {"session_data": "ODFlMTU1ZjIyODBlYzc5ZWE5ZDg2ODEyODVjY2NmNThkZThmYmU2Yzp7Il9hdXRoX3VzZXJfaWQiOiIzIiwiX2F1dGhfdXNlcl9iYWNrZW5kIjoiZGphbmdvLmNvbnRyaWIuYXV0aC5iYWNrZW5kcy5Nb2RlbEJhY2tlbmQiLCJfYXV0aF91c2VyX2hhc2giOiIwN2M1Nzc0NWZiMDEyZjE1MzU2NDM2NzgyODQxZjAwMTEzZmQ5N2U3IiwibmFtYSI6Ill1c3JhbiBJaHphIE1haGVuZHJhIiwicGFzYXIiOiJQYXNhciBTZXRvbm8gQmV0ZWsiLCJpZCI6M30=", "expire_date": "2019-12-30T01:33:52.100Z"}}, {"model": "sessions.session", "pk": "vrt2rdywh2hir7sm14m7cf9m7svztsb7", "fields": {"session_data": "NTRiOTViYmI2ZjY5YWRjNjJhMjExNzFhOWRjYWJkNzE3NzFmYmI2Njp7fQ==", "expire_date": "2020-04-05T04:25:28.220Z"}}, {"model": "sessions.session", "pk": "vw2y6u370utfmfh747nfi55j8pxoxori", "fields": {"session_data": "NGVkOWIyZGM5ZmMzMDZiYWNlMDZmOTZjODlhNDNlOWZiOWQ2ZmJhNzp7InVybCI6Ii90YWJlbCJ9", "expire_date": "2020-04-05T02:15:54.032Z"}}, {"model": "sessions.session", "pk": "zr8aancemb21dxvi5ea0t9lzirh7fd2x", "fields": {"session_data": "NGNjOTQ3OGNmMGQzYTgxYzk1ZGNlMzRkM2YzYjIwOTRmZDk3YzA0Nzp7InVybCI6Ii8ifQ==", "expire_date": "2020-04-05T01:18:23.537Z"}}, {"model": "auth.permission", "pk": 1, "fields": {"name": "Can add permission", "content_type": 1, "codename": "add_permission"}}, {"model": "auth.permission", "pk": 2, "fields": {"name": "Can change permission", "content_type": 1, "codename": "change_permission"}}, {"model": "auth.permission", "pk": 3, "fields": {"name": "Can delete permission", "content_type": 1, "codename": "delete_permission"}}, {"model": "auth.permission", "pk": 4, "fields": {"name": "Can view permission", "content_type": 1, "codename": "view_permission"}}, {"model": "auth.permission", "pk": 5, "fields": {"name": "Can add group", "content_type": 2, "codename": "add_group"}}, {"model": "auth.permission", "pk": 6, "fields": {"name": "Can change group", "content_type": 2, "codename": "change_group"}}, {"model": "auth.permission", "pk": 7, "fields": {"name": "Can delete group", "content_type": 2, "codename": "delete_group"}}, {"model": "auth.permission", "pk": 8, "fields": {"name": "Can view group", "content_type": 2, "codename": "view_group"}}, {"model": "auth.permission", "pk": 9, "fields": {"name": "Can add user", "content_type": 3, "codename": "add_user"}}, {"model": "auth.permission", "pk": 10, "fields": {"name": "Can change user", "content_type": 3, "codename": "change_user"}}, {"model": "auth.permission", "pk": 11, "fields": {"name": "Can delete user", "content_type": 3, "codename": "delete_user"}}, {"model": "auth.permission", "pk": 12, "fields": {"name": "Can view user", "content_type": 3, "codename": "view_user"}}, {"model": "auth.permission", "pk": 13, "fields": {"name": "Can add pasar", "content_type": 4, "codename": "add_pasar"}}, {"model": "auth.permission", "pk": 14, "fields": {"name": "Can change pasar", "content_type": 4, "codename": "change_pasar"}}, {"model": "auth.permission", "pk": 15, "fields": {"name": "Can delete pasar", "content_type": 4, "codename": "delete_pasar"}}, {"model": "auth.permission", "pk": 16, "fields": {"name": "Can view pasar", "content_type": 4, "codename": "view_pasar"}}, {"model": "auth.permission", "pk": 17, "fields": {"name": "Can add sembako", "content_type": 5, "codename": "add_sembako"}}, {"model": "auth.permission", "pk": 18, "fields": {"name": "Can change sembako", "content_type": 5, "codename": "change_sembako"}}, {"model": "auth.permission", "pk": 19, "fields": {"name": "Can delete sembako", "content_type": 5, "codename": "delete_sembako"}}, {"model": "auth.permission", "pk": 20, "fields": {"name": "Can view sembako", "content_type": 5, "codename": "view_sembako"}}, {"model": "auth.permission", "pk": 21, "fields": {"name": "Can add petugas pasar", "content_type": 6, "codename": "add_petugaspasar"}}, {"model": "auth.permission", "pk": 22, "fields": {"name": "Can change petugas pasar", "content_type": 6, "codename": "change_petugaspasar"}}, {"model": "auth.permission", "pk": 23, "fields": {"name": "Can delete petugas pasar", "content_type": 6, "codename": "delete_petugaspasar"}}, {"model": "auth.permission", "pk": 24, "fields": {"name": "Can view petugas pasar", "content_type": 6, "codename": "view_petugaspasar"}}, {"model": "auth.permission", "pk": 25, "fields": {"name": "Can add harga", "content_type": 7, "codename": "add_harga"}}, {"model": "auth.permission", "pk": 26, "fields": {"name": "Can change harga", "content_type": 7, "codename": "change_harga"}}, {"model": "auth.permission", "pk": 27, "fields": {"name": "Can delete harga", "content_type": 7, "codename": "delete_harga"}}, {"model": "auth.permission", "pk": 28, "fields": {"name": "Can view harga", "content_type": 7, "codename": "view_harga"}}, {"model": "auth.permission", "pk": 29, "fields": {"name": "Can add log entry", "content_type": 8, "codename": "add_logentry"}}, {"model": "auth.permission", "pk": 30, "fields": {"name": "Can change log entry", "content_type": 8, "codename": "change_logentry"}}, {"model": "auth.permission", "pk": 31, "fields": {"name": "Can delete log entry", "content_type": 8, "codename": "delete_logentry"}}, {"model": "auth.permission", "pk": 32, "fields": {"name": "Can view log entry", "content_type": 8, "codename": "view_logentry"}}, {"model": "auth.permission", "pk": 33, "fields": {"name": "Can add content type", "content_type": 9, "codename": "add_contenttype"}}, {"model": "auth.permission", "pk": 34, "fields": {"name": "Can change content type", "content_type": 9, "codename": "change_contenttype"}}, {"model": "auth.permission", "pk": 35, "fields": {"name": "Can delete content type", "content_type": 9, "codename": "delete_contenttype"}}, {"model": "auth.permission", "pk": 36, "fields": {"name": "Can view content type", "content_type": 9, "codename": "view_contenttype"}}, {"model": "auth.permission", "pk": 37, "fields": {"name": "Can add session", "content_type": 10, "codename": "add_session"}}, {"model": "auth.permission", "pk": 38, "fields": {"name": "Can change session", "content_type": 10, "codename": "change_session"}}, {"model": "auth.permission", "pk": 39, "fields": {"name": "Can delete session", "content_type": 10, "codename": "delete_session"}}, {"model": "auth.permission", "pk": 40, "fields": {"name": "Can view session", "content_type": 10, "codename": "view_session"}}, {"model": "auth.permission", "pk": 41, "fields": {"name": "Can add satuan", "content_type": 11, "codename": "add_satuan"}}, {"model": "auth.permission", "pk": 42, "fields": {"name": "Can change satuan", "content_type": 11, "codename": "change_satuan"}}, {"model": "auth.permission", "pk": 43, "fields": {"name": "Can delete satuan", "content_type": 11, "codename": "delete_satuan"}}, {"model": "auth.permission", "pk": 44, "fields": {"name": "Can view satuan", "content_type": 11, "codename": "view_satuan"}}, {"model": "auth.group", "pk": 1, "fields": {"name": "Admin PD. Pasar", "permissions": [9, 10, 11, 12, 26, 28, 13, 14, 15, 16, 21, 22, 23, 24, 17, 18, 19, 20]}}, {"model": "auth.user", "pk": 1, "fields": {"password": "pbkdf2_sha256$180000$SVmd65LYxaeD$eLPAyZcAoFd1dULSGrMWURbWyI2cPC7DVAm5EatTaBY=", "last_login": "2020-03-19T05:47:27.295Z", "is_superuser": true, "username": "admin", "first_name": "", "last_name": "", "email": "admin@admin.com", "is_staff": true, "is_active": true, "date_joined": "2019-12-14T00:52:30.307Z", "groups": [], "user_permissions": []}}, {"model": "auth.user", "pk": 2, "fields": {"password": "pbkdf2_sha256$180000$DlmgarHyMXno$h7fcQGa97wOzmYFG0Xsd+c6AHYxQIuf4w/AHU2VcbJY=", "last_login": "2020-03-23T12:46:42.635Z", "is_superuser": false, "username": "adminpdpasar", "first_name": "", "last_name": "", "email": "adminpdpasar@admin.com", "is_staff": true, "is_active": true, "date_joined": "2019-12-14T00:53:00Z", "groups": [1], "user_permissions": []}}, {"model": "auth.user", "pk": 3, "fields": {"password": "pbkdf2_sha256$180000$Ral7dtrrxgqi$clcRBxFDkXE0EgXNsHKRwUABVb7dBwq31W7D/opTjWw=", "last_login": "2020-03-27T10:12:53.389Z", "is_superuser": false, "username": "adminsetono", "first_name": "", "last_name": "", "email": "", "is_staff": false, "is_active": true, "date_joined": "2019-12-14T00:55:34Z", "groups": [], "user_permissions": []}}, {"model": "auth.user", "pk": 4, "fields": {"password": "pbkdf2_sha256$180000$G0f9ZHSo5l6d$jNmc5marmkMSI35gM/8z7v80q/zUvVFl4Ha+A384nIo=", "last_login": "2020-03-27T10:37:15.488Z", "is_superuser": false, "username": "adminpahing", "first_name": "", "last_name": "", "email": "", "is_staff": false, "is_active": true, "date_joined": "2019-12-19T00:52:12Z", "groups": [], "user_permissions": []}}, {"model": "auth.user", "pk": 5, "fields": {"password": "pbkdf2_sha256$180000$B6FkKC8k3DWF$R+3zEX/U1bcAULnZA0sMkOsCyCxzrE/+XscVa9WEOns=", "last_login": null, "is_superuser": false, "username": "Adminsalah", "first_name": "", "last_name": "", "email": "", "is_staff": false, "is_active": true, "date_joined": "2020-02-17T06:44:50Z", "groups": [], "user_permissions": []}}, {"model": "sishasembapo.petugaspasar", "pk": 3, "fields": {"nama": "Yusran Ihza Mahendra", "jenis_kelamin": "LK", "tempat_lahir": "Kediri", "Tanggal_lahir": "1999-07-07", "alamat": "Rinjani Street no 33 Pare", "pasar": 1, "No_hp": "0878858665"}}, {"model": "sishasembapo.petugaspasar", "pk": 4, "fields": {"nama": "Yessica Tamara", "jenis_kelamin": "PR", "tempat_lahir": "Jakarta", "Tanggal_lahir": "1999-06-19", "alamat": "Kediri Kota", "pasar": 2, "No_hp": "0878858665"}}, {"model": "admin.logentry", "pk": 1, "fields": {"action_time": "2019-12-14T00:55:01.865Z", "user": 1, "content_type": 2, "object_id": "1", "object_repr": "Admin PD. Pasar", "action_flag": 1, "change_message": "[{\"added\": {}}]"}}, {"model": "admin.logentry", "pk": 2, "fields": {"action_time": "2019-12-14T00:55:13.320Z", "user": 1, "content_type": 3, "object_id": "2", "object_repr": "adminpdpasar", "action_flag": 2, "change_message": "[{\"changed\": {\"fields\": [\"is_superuser\", \"groups\"]}}]"}}, {"model": "admin.logentry", "pk": 3, "fields": {"action_time": "2019-12-14T00:55:34.133Z", "user": 1, "content_type": 3, "object_id": "3", "object_repr": "adminsetono", "action_flag": 1, "change_message": "[{\"added\": {}}]"}}, {"model": "admin.logentry", "pk": 4, "fields": {"action_time": "2019-12-14T00:55:41.320Z", "user": 1, "content_type": 3, "object_id": "3", "object_repr": "adminsetono", "action_flag": 2, "change_message": "[]"}}, {"model": "admin.logentry", "pk": 5, "fields": {"action_time": "2019-12-14T00:56:22.422Z", "user": 1, "content_type": 4, "object_id": "1", "object_repr": "Pasar Setono Betek", "action_flag": 1, "change_message": "[{\"added\": {}}]"}}, {"model": "admin.logentry", "pk": 6, "fields": {"action_time": "2019-12-14T00:56:27.741Z", "user": 1, "content_type": 6, "object_id": "3", "object_repr": "Yusran Ihza Mahendra", "action_flag": 1, "change_message": "[{\"added\": {}}]"}}, {"model": "admin.logentry", "pk": 7, "fields": {"action_time": "2019-12-14T01:17:19.702Z", "user": 1, "content_type": 5, "object_id": "4", "object_repr": "Beras/None", "action_flag": 1, "change_message": "[{\"added\": {}}]"}}, {"model": "admin.logentry", "pk": 8, "fields": {"action_time": "2019-12-14T01:19:01.287Z", "user": 1, "content_type": 5, "object_id": "5", "object_repr": "Bramo", "action_flag": 1, "change_message": "[{\"added\": {}}]"}}, {"model": "admin.logentry", "pk": 9, "fields": {"action_time": "2019-12-14T01:56:52.058Z", "user": 2, "content_type": 5, "object_id": "6", "object_repr": "daging", "action_flag": 1, "change_message": "[{\"added\": {}}]"}}, {"model": "admin.logentry", "pk": 10, "fields": {"action_time": "2019-12-14T01:57:18.469Z", "user": 2, "content_type": 5, "object_id": "7", "object_repr": "daging - ayam bloiler", "action_flag": 1, "change_message": "[{\"added\": {}}]"}}, {"model": "admin.logentry", "pk": 11, "fields": {"action_time": "2019-12-14T02:30:31.869Z", "user": 2, "content_type": 7, "object_id": "1", "object_repr": "Beras - Bramo", "action_flag": 2, "change_message": "[{\"changed\": {\"fields\": [\"validasi\"]}}]"}}, {"model": "admin.logentry", "pk": 12, "fields": {"action_time": "2019-12-14T03:33:43.069Z", "user": 1, "content_type": 7, "object_id": "2", "object_repr": "daging - ayam bloiler", "action_flag": 3, "change_message": ""}}, {"model": "admin.logentry", "pk": 13, "fields": {"action_time": "2019-12-14T03:33:43.075Z", "user": 1, "content_type": 7, "object_id": "1", "object_repr": "Beras - Bramo", "action_flag": 3, "change_message": ""}}, {"model": "admin.logentry", "pk": 14, "fields": {"action_time": "2019-12-14T03:34:02.056Z", "user": 1, "content_type": 5, "object_id": "6", "object_repr": "Daging", "action_flag": 2, "change_message": "[{\"changed\": {\"fields\": [\"jenis_sembako\"]}}]"}}, {"model": "admin.logentry", "pk": 15, "fields": {"action_time": "2019-12-14T03:34:10.777Z", "user": 1, "content_type": 5, "object_id": "7", "object_repr": "Daging - Ayam Bloiler", "action_flag": 2, "change_message": "[{\"changed\": {\"fields\": [\"jenis_sembako\"]}}]"}}, {"model": "admin.logentry", "pk": 16, "fields": {"action_time": "2019-12-14T12:02:32.131Z", "user": 2, "content_type": 5, "object_id": "8", "object_repr": "Cabe", "action_flag": 1, "change_message": "[{\"added\": {}}]"}}, {"model": "admin.logentry", "pk": 17, "fields": {"action_time": "2019-12-14T12:02:47.173Z", "user": 2, "content_type": 5, "object_id": "9", "object_repr": "Cabe - Merah", "action_flag": 1, "change_message": "[{\"added\": {}}]"}}, {"model": "admin.logentry", "pk": 18, "fields": {"action_time": "2019-12-14T12:02:57.552Z", "user": 2, "content_type": 5, "object_id": "10", "object_repr": "Cabe - Kriting", "action_flag": 1, "change_message": "[{\"added\": {}}]"}}, {"model": "admin.logentry", "pk": 19, "fields": {"action_time": "2019-12-14T12:03:06.591Z", "user": 2, "content_type": 5, "object_id": "11", "object_repr": "Cabe - Rawit", "action_flag": 1, "change_message": "[{\"added\": {}}]"}}, {"model": "admin.logentry", "pk": 20, "fields": {"action_time": "2019-12-14T12:51:47.777Z", "user": 2, "content_type": 5, "object_id": "12", "object_repr": "Beras - Begawan", "action_flag": 1, "change_message": "[{\"added\": {}}]"}}, {"model": "admin.logentry", "pk": 21, "fields": {"action_time": "2019-12-14T12:52:23.060Z", "user": 2, "content_type": 5, "object_id": "13", "object_repr": "Beras - Menthik", "action_flag": 1, "change_message": "[{\"added\": {}}]"}}, {"model": "admin.logentry", "pk": 22, "fields": {"action_time": "2019-12-14T12:52:40.061Z", "user": 2, "content_type": 5, "object_id": "14", "object_repr": "Beras - IR 64", "action_flag": 1, "change_message": "[{\"added\": {}}]"}}, {"model": "admin.logentry", "pk": 23, "fields": {"action_time": "2019-12-16T01:34:36.361Z", "user": 2, "content_type": 7, "object_id": "3", "object_repr": "Beras - Bramo", "action_flag": 2, "change_message": "[{\"changed\": {\"fields\": [\"validasi\"]}}]"}}, {"model": "admin.logentry", "pk": 24, "fields": {"action_time": "2019-12-16T01:34:48.311Z", "user": 2, "content_type": 7, "object_id": "4", "object_repr": "Beras - Bramo", "action_flag": 2, "change_message": "[{\"changed\": {\"fields\": [\"validasi\"]}}]"}}, {"model": "admin.logentry", "pk": 25, "fields": {"action_time": "2019-12-17T15:34:54.325Z", "user": 2, "content_type": 7, "object_id": "5", "object_repr": "Beras - Menthik", "action_flag": 2, "change_message": "[{\"changed\": {\"fields\": [\"validasi\"]}}]"}}, {"model": "admin.logentry", "pk": 26, "fields": {"action_time": "2019-12-17T15:34:59.908Z", "user": 2, "content_type": 7, "object_id": "6", "object_repr": "Beras - Menthik", "action_flag": 2, "change_message": "[{\"changed\": {\"fields\": [\"validasi\"]}}]"}}, {"model": "admin.logentry", "pk": 27, "fields": {"action_time": "2019-12-19T00:51:45.884Z", "user": 2, "content_type": 4, "object_id": "2", "object_repr": "Pasar Pahing", "action_flag": 1, "change_message": "[{\"added\": {}}]"}}, {"model": "admin.logentry", "pk": 28, "fields": {"action_time": "2019-12-19T00:52:12.913Z", "user": 2, "content_type": 3, "object_id": "4", "object_repr": "adminpahing", "action_flag": 1, "change_message": "[{\"added\": {}}]"}}, {"model": "admin.logentry", "pk": 29, "fields": {"action_time": "2019-12-19T00:52:16.102Z", "user": 2, "content_type": 3, "object_id": "4", "object_repr": "adminpahing", "action_flag": 2, "change_message": "[]"}}, {"model": "admin.logentry", "pk": 30, "fields": {"action_time": "2019-12-19T00:53:03.355Z", "user": 2, "content_type": 6, "object_id": "4", "object_repr": "Yessica Tamara", "action_flag": 1, "change_message": "[{\"added\": {}}]"}}, {"model": "admin.logentry", "pk": 31, "fields": {"action_time": "2020-02-11T08:57:40.940Z", "user": 2, "content_type": 5, "object_id": "15", "object_repr": "Gula", "action_flag": 1, "change_message": "[{\"added\": {}}]"}}, {"model": "admin.logentry", "pk": 32, "fields": {"action_time": "2020-02-11T09:33:40.728Z", "user": 2, "content_type": 5, "object_id": "16", "object_repr": "Gula - Gula dalam Negeri", "action_flag": 1, "change_message": "[{\"added\": {}}]"}}, {"model": "admin.logentry", "pk": 33, "fields": {"action_time": "2020-02-11T09:39:59.851Z", "user": 2, "content_type": 5, "object_id": "17", "object_repr": "Daging - Ayam Kampung", "action_flag": 1, "change_message": "[{\"added\": {}}]"}}, {"model": "admin.logentry", "pk": 34, "fields": {"action_time": "2020-02-11T09:40:10.861Z", "user": 2, "content_type": 5, "object_id": "18", "object_repr": "Daging - Sapi", "action_flag": 1, "change_message": "[{\"added\": {}}]"}}, {"model": "admin.logentry", "pk": 35, "fields": {"action_time": "2020-02-11T09:47:15.432Z", "user": 1, "content_type": 7, "object_id": "8", "object_repr": "Beras - IR 64", "action_flag": 3, "change_message": ""}}, {"model": "admin.logentry", "pk": 36, "fields": {"action_time": "2020-02-11T09:47:15.436Z", "user": 1, "content_type": 7, "object_id": "7", "object_repr": "Beras - Bramo", "action_flag": 3, "change_message": ""}}, {"model": "admin.logentry", "pk": 37, "fields": {"action_time": "2020-02-11T09:47:15.440Z", "user": 1, "content_type": 7, "object_id": "6", "object_repr": "Beras - Menthik", "action_flag": 3, "change_message": ""}}, {"model": "admin.logentry", "pk": 38, "fields": {"action_time": "2020-02-11T09:47:15.443Z", "user": 1, "content_type": 7, "object_id": "5", "object_repr": "Beras - Menthik", "action_flag": 3, "change_message": ""}}, {"model": "admin.logentry", "pk": 39, "fields": {"action_time": "2020-02-11T09:47:15.446Z", "user": 1, "content_type": 7, "object_id": "4", "object_repr": "Beras - Bramo", "action_flag": 3, "change_message": ""}}, {"model": "admin.logentry", "pk": 40, "fields": {"action_time": "2020-02-11T09:47:15.448Z", "user": 1, "content_type": 7, "object_id": "3", "object_repr": "Beras - Bramo", "action_flag": 3, "change_message": ""}}, {"model": "admin.logentry", "pk": 41, "fields": {"action_time": "2020-02-11T09:47:43.333Z", "user": 1, "content_type": 5, "object_id": "18", "object_repr": "Daging - Sapi", "action_flag": 3, "change_message": ""}}, {"model": "admin.logentry", "pk": 42, "fields": {"action_time": "2020-02-11T09:47:43.335Z", "user": 1, "content_type": 5, "object_id": "17", "object_repr": "Daging - Ayam Kampung", "action_flag": 3, "change_message": ""}}, {"model": "admin.logentry", "pk": 43, "fields": {"action_time": "2020-02-11T09:47:43.338Z", "user": 1, "content_type": 5, "object_id": "16", "object_repr": "Gula - Gula dalam Negeri", "action_flag": 3, "change_message": ""}}, {"model": "admin.logentry", "pk": 44, "fields": {"action_time": "2020-02-11T09:47:43.341Z", "user": 1, "content_type": 5, "object_id": "15", "object_repr": "Gula", "action_flag": 3, "change_message": ""}}, {"model": "admin.logentry", "pk": 45, "fields": {"action_time": "2020-02-11T09:47:43.343Z", "user": 1, "content_type": 5, "object_id": "14", "object_repr": "Beras - IR 64", "action_flag": 3, "change_message": ""}}, {"model": "admin.logentry", "pk": 46, "fields": {"action_time": "2020-02-11T09:47:43.345Z", "user": 1, "content_type": 5, "object_id": "13", "object_repr": "Beras - Menthik", "action_flag": 3, "change_message": ""}}, {"model": "admin.logentry", "pk": 47, "fields": {"action_time": "2020-02-11T09:47:43.348Z", "user": 1, "content_type": 5, "object_id": "12", "object_repr": "Beras - Begawan", "action_flag": 3, "change_message": ""}}, {"model": "admin.logentry", "pk": 48, "fields": {"action_time": "2020-02-11T09:47:43.351Z", "user": 1, "content_type": 5, "object_id": "11", "object_repr": "Cabe - Rawit", "action_flag": 3, "change_message": ""}}, {"model": "admin.logentry", "pk": 49, "fields": {"action_time": "2020-02-11T09:47:43.353Z", "user": 1, "content_type": 5, "object_id": "10", "object_repr": "Cabe - Kriting", "action_flag": 3, "change_message": ""}}, {"model": "admin.logentry", "pk": 50, "fields": {"action_time": "2020-02-11T09:47:43.355Z", "user": 1, "content_type": 5, "object_id": "9", "object_repr": "Cabe - Merah", "action_flag": 3, "change_message": ""}}, {"model": "admin.logentry", "pk": 51, "fields": {"action_time": "2020-02-11T09:47:43.357Z", "user": 1, "content_type": 5, "object_id": "8", "object_repr": "Cabe", "action_flag": 3, "change_message": ""}}, {"model": "admin.logentry", "pk": 52, "fields": {"action_time": "2020-02-11T09:47:43.359Z", "user": 1, "content_type": 5, "object_id": "7", "object_repr": "Daging - Ayam Bloiler", "action_flag": 3, "change_message": ""}}, {"model": "admin.logentry", "pk": 53, "fields": {"action_time": "2020-02-11T09:47:43.361Z", "user": 1, "content_type": 5, "object_id": "6", "object_repr": "Daging", "action_flag": 3, "change_message": ""}}, {"model": "admin.logentry", "pk": 54, "fields": {"action_time": "2020-02-11T09:47:43.363Z", "user": 1, "content_type": 5, "object_id": "5", "object_repr": "Beras - Bramo", "action_flag": 3, "change_message": ""}}, {"model": "admin.logentry", "pk": 55, "fields": {"action_time": "2020-02-11T09:47:43.365Z", "user": 1, "content_type": 5, "object_id": "4", "object_repr": "Beras", "action_flag": 3, "change_message": ""}}, {"model": "admin.logentry", "pk": 56, "fields": {"action_time": "2020-02-11T11:01:51.567Z", "user": 1, "content_type": 11, "object_id": "1", "object_repr": "Kg", "action_flag": 1, "change_message": "[{\"added\": {}}]"}}, {"model": "admin.logentry", "pk": 57, "fields": {"action_time": "2020-02-11T11:02:03.812Z", "user": 1, "content_type": 11, "object_id": "2", "object_repr": "1 Liter", "action_flag": 1, "change_message": "[{\"added\": {}}]"}}, {"model": "admin.logentry", "pk": 58, "fields": {"action_time": "2020-02-11T11:02:10.985Z", "user": 1, "content_type": 11, "object_id": "3", "object_repr": "Perbiji", "action_flag": 1, "change_message": "[{\"added\": {}}]"}}, {"model": "admin.logentry", "pk": 59, "fields": {"action_time": "2020-02-11T11:02:18.859Z", "user": 1, "content_type": 11, "object_id": "1", "object_repr": "1 Kg", "action_flag": 2, "change_message": "[{\"changed\": {\"fields\": [\"Satuan\"]}}]"}}, {"model": "admin.logentry", "pk": 60, "fields": {"action_time": "2020-02-11T11:03:34.842Z", "user": 2, "content_type": 5, "object_id": "19", "object_repr": "Beras", "action_flag": 1, "change_message": "[{\"added\": {}}]"}}, {"model": "admin.logentry", "pk": 61, "fields": {"action_time": "2020-02-11T11:03:59.274Z", "user": 2, "content_type": 5, "object_id": "20", "object_repr": "Gula", "action_flag": 1, "change_message": "[{\"added\": {}}]"}}, {"model": "admin.logentry", "pk": 62, "fields": {"action_time": "2020-02-11T11:04:23.879Z", "user": 2, "content_type": 5, "object_id": "21", "object_repr": "Daging", "action_flag": 1, "change_message": "[{\"added\": {}}]"}}, {"model": "admin.logentry", "pk": 63, "fields": {"action_time": "2020-02-11T11:07:44.578Z", "user": 2, "content_type": 5, "object_id": "22", "object_repr": "Minyak", "action_flag": 1, "change_message": "[{\"added\": {}}]"}}, {"model": "admin.logentry", "pk": 64, "fields": {"action_time": "2020-02-11T11:08:00.506Z", "user": 2, "content_type": 5, "object_id": "23", "object_repr": "Telur", "action_flag": 1, "change_message": "[{\"added\": {}}]"}}, {"model": "admin.logentry", "pk": 65, "fields": {"action_time": "2020-02-11T11:08:12.106Z", "user": 2, "content_type": 5, "object_id": "24", "object_repr": "Cabe", "action_flag": 1, "change_message": "[{\"added\": {}}]"}}, {"model": "admin.logentry", "pk": 66, "fields": {"action_time": "2020-02-11T11:08:28.483Z", "user": 2, "content_type": 5, "object_id": "25", "object_repr": "Bawang", "action_flag": 1, "change_message": "[{\"added\": {}}]"}}, {"model": "admin.logentry", "pk": 67, "fields": {"action_time": "2020-02-11T11:08:47.977Z", "user": 2, "content_type": 5, "object_id": "26", "object_repr": "Olahan Ikan", "action_flag": 1, "change_message": "[{\"added\": {}}]"}}, {"model": "admin.logentry", "pk": 68, "fields": {"action_time": "2020-02-11T11:09:25.756Z", "user": 2, "content_type": 5, "object_id": "27", "object_repr": "Sayur Mayur", "action_flag": 1, "change_message": "[{\"added\": {}}]"}}, {"model": "admin.logentry", "pk": 69, "fields": {"action_time": "2020-02-11T11:10:33.111Z", "user": 2, "content_type": 5, "object_id": "28", "object_repr": "Beras - Bramo", "action_flag": 1, "change_message": "[{\"added\": {}}]"}}, {"model": "admin.logentry", "pk": 70, "fields": {"action_time": "2020-02-11T11:10:48.106Z", "user": 2, "content_type": 5, "object_id": "29", "object_repr": "Beras - Bengawan", "action_flag": 1, "change_message": "[{\"added\": {}}]"}}, {"model": "admin.logentry", "pk": 71, "fields": {"action_time": "2020-02-11T11:11:10.022Z", "user": 2, "content_type": 5, "object_id": "30", "object_repr": "Beras - Menthik", "action_flag": 1, "change_message": "[{\"added\": {}}]"}}, {"model": "admin.logentry", "pk": 72, "fields": {"action_time": "2020-02-11T11:11:23.659Z", "user": 2, "content_type": 5, "object_id": "31", "object_repr": "Beras - IR 64", "action_flag": 1, "change_message": "[{\"added\": {}}]"}}, {"model": "admin.logentry", "pk": 73, "fields": {"action_time": "2020-02-11T11:11:47.665Z", "user": 2, "content_type": 5, "object_id": "32", "object_repr": "Gula - Gula Dalam Negeri", "action_flag": 1, "change_message": "[{\"added\": {}}]"}}, {"model": "admin.logentry", "pk": 74, "fields": {"action_time": "2020-02-11T11:12:03.280Z", "user": 2, "content_type": 5, "object_id": "33", "object_repr": "Minyak - Minyak Goreng", "action_flag": 1, "change_message": "[{\"added\": {}}]"}}, {"model": "admin.logentry", "pk": 75, "fields": {"action_time": "2020-02-11T11:12:19.398Z", "user": 2, "content_type": 5, "object_id": "34", "object_repr": "Daging - Ayam Bloiler", "action_flag": 1, "change_message": "[{\"added\": {}}]"}}, {"model": "admin.logentry", "pk": 76, "fields": {"action_time": "2020-02-11T11:12:49.091Z", "user": 2, "content_type": 5, "object_id": "35", "object_repr": "Daging - Ayam Kampung", "action_flag": 1, "change_message": "[{\"added\": {}}]"}}, {"model": "admin.logentry", "pk": 77, "fields": {"action_time": "2020-02-11T11:13:02.977Z", "user": 2, "content_type": 5, "object_id": "36", "object_repr": "Daging - Sapi", "action_flag": 1, "change_message": "[{\"added\": {}}]"}}, {"model": "admin.logentry", "pk": 78, "fields": {"action_time": "2020-02-11T11:13:22.783Z", "user": 2, "content_type": 5, "object_id": "37", "object_repr": "Telur - Ayam Bloiler", "action_flag": 1, "change_message": "[{\"added\": {}}]"}}, {"model": "admin.logentry", "pk": 79, "fields": {"action_time": "2020-02-11T11:13:39.083Z", "user": 2, "content_type": 5, "object_id": "38", "object_repr": "Telur - Ayam Kampung", "action_flag": 1, "change_message": "[{\"added\": {}}]"}}, {"model": "admin.logentry", "pk": 80, "fields": {"action_time": "2020-02-11T11:13:54.409Z", "user": 2, "content_type": 5, "object_id": "39", "object_repr": "Cabe - Merah", "action_flag": 1, "change_message": "[{\"added\": {}}]"}}, {"model": "admin.logentry", "pk": 81, "fields": {"action_time": "2020-02-11T11:14:05.421Z", "user": 2, "content_type": 5, "object_id": "40", "object_repr": "Cabe - Kriting", "action_flag": 1, "change_message": "[{\"added\": {}}]"}}, {"model": "admin.logentry", "pk": 82, "fields": {"action_time": "2020-02-11T11:14:18.429Z", "user": 2, "content_type": 5, "object_id": "41", "object_repr": "Cabe - Rawit", "action_flag": 1, "change_message": "[{\"added\": {}}]"}}, {"model": "admin.logentry", "pk": 83, "fields": {"action_time": "2020-02-11T11:14:39.403Z", "user": 2, "content_type": 5, "object_id": "42", "object_repr": "Bawang - Merah", "action_flag": 1, "change_message": "[{\"added\": {}}]"}}, {"model": "admin.logentry", "pk": 84, "fields": {"action_time": "2020-02-11T11:14:49.757Z", "user": 2, "content_type": 5, "object_id": "43", "object_repr": "Bawang - Putih", "action_flag": 1, "change_message": "[{\"added\": {}}]"}}, {"model": "admin.logentry", "pk": 85, "fields": {"action_time": "2020-02-11T11:15:18.794Z", "user": 2, "content_type": 5, "object_id": "44", "object_repr": "Olahan Ikan - Ikan Asin", "action_flag": 1, "change_message": "[{\"added\": {}}]"}}, {"model": "admin.logentry", "pk": 86, "fields": {"action_time": "2020-02-11T11:15:50.465Z", "user": 2, "content_type": 5, "object_id": "45", "object_repr": "Sayur Mayur - Kacang Hijau", "action_flag": 1, "change_message": "[{\"added\": {}}]"}}, {"model": "admin.logentry", "pk": 87, "fields": {"action_time": "2020-02-11T11:16:02.611Z", "user": 2, "content_type": 5, "object_id": "46", "object_repr": "Sayur Mayur - Kacang Tanah", "action_flag": 1, "change_message": "[{\"added\": {}}]"}}, {"model": "admin.logentry", "pk": 88, "fields": {"action_time": "2020-02-11T11:16:31.467Z", "user": 2, "content_type": 5, "object_id": "47", "object_repr": "Sayur Mayur - Ketela Pohon", "action_flag": 1, "change_message": "[{\"added\": {}}]"}}, {"model": "admin.logentry", "pk": 89, "fields": {"action_time": "2020-02-11T11:16:58.184Z", "user": 2, "content_type": 5, "object_id": "48", "object_repr": "Sayur Mayur - Gobis(Kol)", "action_flag": 1, "change_message": "[{\"added\": {}}]"}}, {"model": "admin.logentry", "pk": 90, "fields": {"action_time": "2020-02-11T11:17:22.753Z", "user": 2, "content_type": 5, "object_id": "49", "object_repr": "Sayur Mayur - Kentang", "action_flag": 1, "change_message": "[{\"added\": {}}]"}}, {"model": "admin.logentry", "pk": 91, "fields": {"action_time": "2020-02-11T11:17:33.925Z", "user": 2, "content_type": 5, "object_id": "50", "object_repr": "Sayur Mayur - Tomat", "action_flag": 1, "change_message": "[{\"added\": {}}]"}}, {"model": "admin.logentry", "pk": 92, "fields": {"action_time": "2020-02-11T11:17:52.820Z", "user": 2, "content_type": 5, "object_id": "51", "object_repr": "Sayur Mayur - Wortel", "action_flag": 1, "change_message": "[{\"added\": {}}]"}}, {"model": "admin.logentry", "pk": 93, "fields": {"action_time": "2020-02-11T11:18:07.926Z", "user": 2, "content_type": 5, "object_id": "52", "object_repr": "Sayur Mayur - Buncis", "action_flag": 1, "change_message": "[{\"added\": {}}]"}}, {"model": "admin.logentry", "pk": 94, "fields": {"action_time": "2020-02-11T12:01:46.178Z", "user": 1, "content_type": 7, "object_id": "9", "object_repr": "Beras - Bramo", "action_flag": 3, "change_message": ""}}, {"model": "admin.logentry", "pk": 95, "fields": {"action_time": "2020-02-11T12:13:40.327Z", "user": 1, "content_type": 7, "object_id": "10", "object_repr": "Beras - Bramo", "action_flag": 3, "change_message": ""}}, {"model": "admin.logentry", "pk": 96, "fields": {"action_time": "2020-02-13T04:43:50.210Z", "user": 2, "content_type": 7, "object_id": "1127", "object_repr": "Beras - Bramo", "action_flag": 2, "change_message": "[{\"changed\": {\"fields\": [\"Validasi\"]}}]"}}, {"model": "admin.logentry", "pk": 97, "fields": {"action_time": "2020-02-13T04:44:03.441Z", "user": 2, "content_type": 7, "object_id": "1128", "object_repr": "Beras - Bramo", "action_flag": 2, "change_message": "[{\"changed\": {\"fields\": [\"Validasi\"]}}]"}}, {"model": "admin.logentry", "pk": 98, "fields": {"action_time": "2020-02-13T04:44:17.055Z", "user": 2, "content_type": 7, "object_id": "1129", "object_repr": "Beras - Bramo", "action_flag": 2, "change_message": "[{\"changed\": {\"fields\": [\"Validasi\"]}}]"}}, {"model": "admin.logentry", "pk": 99, "fields": {"action_time": "2020-02-13T04:44:23.371Z", "user": 2, "content_type": 7, "object_id": "1130", "object_repr": "Beras - Bramo", "action_flag": 2, "change_message": "[{\"changed\": {\"fields\": [\"Validasi\"]}}]"}}, {"model": "admin.logentry", "pk": 100, "fields": {"action_time": "2020-02-17T06:44:50.602Z", "user": 2, "content_type": 3, "object_id": "5", "object_repr": "Adminsalah", "action_flag": 1, "change_message": "[{\"added\": {}}]"}}, {"model": "admin.logentry", "pk": 101, "fields": {"action_time": "2020-02-17T06:45:12.913Z", "user": 2, "content_type": 3, "object_id": "5", "object_repr": "Adminsalah", "action_flag": 2, "change_message": "[]"}}, {"model": "admin.logentry", "pk": 102, "fields": {"action_time": "2020-03-05T08:49:33.257Z", "user": 2, "content_type": 4, "object_id": "2", "object_repr": "Pasar Pahing", "action_flag": 2, "change_message": "[{\"changed\": {\"fields\": [\"Lokasi\"]}}]"}}, {"model": "admin.logentry", "pk": 103, "fields": {"action_time": "2020-03-05T08:59:07.769Z", "user": 2, "content_type": 4, "object_id": "2", "object_repr": "Pasar Pahing", "action_flag": 2, "change_message": "[{\"changed\": {\"fields\": [\"Lokasi\"]}}]"}}, {"model": "admin.logentry", "pk": 104, "fields": {"action_time": "2020-03-05T09:02:02.326Z", "user": 1, "content_type": 4, "object_id": "2", "object_repr": "Pasar Pahing", "action_flag": 2, "change_message": "[{\"changed\": {\"fields\": [\"Lokasi\"]}}]"}}, {"model": "admin.logentry", "pk": 105, "fields": {"action_time": "2020-03-05T09:30:42.615Z", "user": 1, "content_type": 4, "object_id": "1", "object_repr": "Pasar Setono Betek", "action_flag": 2, "change_message": "[{\"changed\": {\"fields\": [\"Lokasi\"]}}]"}}, {"model": "admin.logentry", "pk": 106, "fields": {"action_time": "2020-03-05T09:32:15.627Z", "user": 2, "content_type": 4, "object_id": "1", "object_repr": "Pasar Setono Betek", "action_flag": 2, "change_message": "[{\"changed\": {\"fields\": [\"Alamat pasar\"]}}]"}}, {"model": "admin.logentry", "pk": 107, "fields": {"action_time": "2020-03-05T09:32:40.027Z", "user": 2, "content_type": 4, "object_id": "2", "object_repr": "Pasar Pahing", "action_flag": 2, "change_message": "[{\"changed\": {\"fields\": [\"Alamat pasar\"]}}]"}}, {"model": "admin.logentry", "pk": 108, "fields": {"action_time": "2020-03-09T05:03:42.708Z", "user": 2, "content_type": 7, "object_id": "1148", "object_repr": "Beras - Bramo", "action_flag": 2, "change_message": "[{\"changed\": {\"fields\": [\"Validasi\"]}}]"}}, {"model": "admin.logentry", "pk": 109, "fields": {"action_time": "2020-03-10T02:37:06.446Z", "user": 2, "content_type": 7, "object_id": "1127", "object_repr": "Beras - Bramo", "action_flag": 2, "change_message": "[{\"changed\": {\"fields\": [\"Validasi\"]}}]"}}, {"model": "admin.logentry", "pk": 110, "fields": {"action_time": "2020-03-10T02:37:55.775Z", "user": 2, "content_type": 7, "object_id": "1127", "object_repr": "Beras - Bramo", "action_flag": 2, "change_message": "[{\"changed\": {\"fields\": [\"Validasi\"]}}]"}}, {"model": "admin.logentry", "pk": 111, "fields": {"action_time": "2020-03-11T13:35:22.807Z", "user": 2, "content_type": 4, "object_id": "2", "object_repr": "Pasar Pahing", "action_flag": 2, "change_message": "[{\"changed\": {\"fields\": [\"Alamat pasar\", \"Kelurahan\", \"Kecamatan\", \"Notlp\"]}}]"}}, {"model": "admin.logentry", "pk": 112, "fields": {"action_time": "2020-03-11T13:36:16.215Z", "user": 2, "content_type": 4, "object_id": "1", "object_repr": "Pasar Setono Betek", "action_flag": 2, "change_message": "[{\"changed\": {\"fields\": [\"Alamat pasar\", \"Kelurahan\", \"Kecamatan\", \"Notlp\"]}}]"}}, {"model": "admin.logentry", "pk": 113, "fields": {"action_time": "2020-03-11T14:10:50.359Z", "user": 2, "content_type": 4, "object_id": "2", "object_repr": "Pasar Pahing", "action_flag": 2, "change_message": "[{\"changed\": {\"fields\": [\"Kelurahan\", \"Kecamatan\"]}}]"}}, {"model": "admin.logentry", "pk": 114, "fields": {"action_time": "2020-03-11T14:11:39.865Z", "user": 2, "content_type": 4, "object_id": "1", "object_repr": "Pasar Setono Betek", "action_flag": 2, "change_message": "[{\"changed\": {\"fields\": [\"Alamat pasar\", \"Kelurahan\", \"Kecamatan\"]}}]"}}, {"model": "admin.logentry", "pk": 115, "fields": {"action_time": "2020-03-11T14:12:09.134Z", "user": 2, "content_type": 4, "object_id": "2", "object_repr": "Pasar Pahing", "action_flag": 2, "change_message": "[{\"changed\": {\"fields\": [\"Alamat pasar\"]}}]"}}, {"model": "admin.logentry", "pk": 116, "fields": {"action_time": "2020-03-11T14:12:23.541Z", "user": 2, "content_type": 4, "object_id": "1", "object_repr": "Pasar Setono Betek", "action_flag": 2, "change_message": "[{\"changed\": {\"fields\": [\"Alamat pasar\"]}}]"}}, {"model": "admin.logentry", "pk": 117, "fields": {"action_time": "2020-03-11T14:50:57.016Z", "user": 2, "content_type": 4, "object_id": "1", "object_repr": "Pasar Setono Betek", "action_flag": 2, "change_message": "[{\"changed\": {\"fields\": [\"Kelurahan\"]}}]"}}, {"model": "admin.logentry", "pk": 118, "fields": {"action_time": "2020-03-19T05:47:39.244Z", "user": 1, "content_type": 11, "object_id": "1", "object_repr": "Kg", "action_flag": 2, "change_message": "[{\"changed\": {\"fields\": [\"Satuan\"]}}]"}}, {"model": "admin.logentry", "pk": 119, "fields": {"action_time": "2020-03-19T05:47:45.945Z", "user": 1, "content_type": 11, "object_id": "2", "object_repr": "Liter", "action_flag": 2, "change_message": "[{\"changed\": {\"fields\": [\"Satuan\"]}}]"}}, {"model": "admin.logentry", "pk": 120, "fields": {"action_time": "2020-03-22T00:39:20.644Z", "user": 2, "content_type": 7, "object_id": "1156", "object_repr": "Bawang - Putih", "action_flag": 2, "change_message": "[{\"changed\": {\"fields\": [\"Validasi\"]}}]"}}, {"model": "admin.logentry", "pk": 121, "fields": {"action_time": "2020-03-23T12:46:59.225Z", "user": 2, "content_type": 7, "object_id": "1156", "object_repr": "Bawang - Putih", "action_flag": 2, "change_message": "[{\"changed\": {\"fields\": [\"Validasi\"]}}]"}}]