[
    {
        "model": "auth.group",
        "pk": 1,
        "fields": {
            "name": "Admin PD. Pasar",
            "permissions": [
                9,
                10,
                11,
                12,
                26,
                28,
                13,
                14,
                15,
                16,
                21,
                22,
                23,
                24,
                17,
                18,
                19,
                20
            ]
        }
    },
    {
        "model": "sishasembapo.pasar",
        "pk": 1,
        "fields": {
            "nama_pasar": "Pasar Setono Betek",
            "alamat_pasar": "JL. Patimura 64129",
            "kelurahan": "Setono Pande",
            "kecamatan": "Kota",
            "notlp": "0354-698508",
            "lokasi": "-7.821692,112.016371"
        }
    },
    {
        "model": "sishasembapo.pasar",
        "pk": 2,
        "fields": {
            "nama_pasar": "Pasar Pahing",
            "alamat_pasar": "JL. HOS. Cokroaminoto 64123",
            "kelurahan": "Singonegaran",
            "kecamatan": "Pesantren",
            "notlp": "0354-696874",
            "lokasi": "-7.823028,112.022077"
        }
    },
    {
        "model": "sishasembapo.satuan",
        "pk": 1,
        "fields": {
            "satuan": "Kg"
        }
    },
    {
        "model": "sishasembapo.satuan",
        "pk": 2,
        "fields": {
            "satuan": "Liter"
        }
    },
    {
        "model": "sishasembapo.satuan",
        "pk": 3,
        "fields": {
            "satuan": "Perbiji"
        }
    },
    {
        "model": "sishasembapo.sembako",
        "pk": 19,
        "fields": {
            "nama_sembako": null,
            "jenis_sembako": "Beras",
            "satuan": 1
        }
    },
    {
        "model": "sishasembapo.sembako",
        "pk": 20,
        "fields": {
            "nama_sembako": null,
            "jenis_sembako": "Gula",
            "satuan": 1
        }
    },
    {
        "model": "sishasembapo.sembako",
        "pk": 21,
        "fields": {
            "nama_sembako": null,
            "jenis_sembako": "Daging",
            "satuan": 1
        }
    },
    {
        "model": "sishasembapo.sembako",
        "pk": 22,
        "fields": {
            "nama_sembako": null,
            "jenis_sembako": "Minyak",
            "satuan": 2
        }
    },
    {
        "model": "sishasembapo.sembako",
        "pk": 23,
        "fields": {
            "nama_sembako": null,
            "jenis_sembako": "Telur",
            "satuan": 1
        }
    },
    {
        "model": "sishasembapo.sembako",
        "pk": 24,
        "fields": {
            "nama_sembako": null,
            "jenis_sembako": "Cabe",
            "satuan": 1
        }
    },
    {
        "model": "sishasembapo.sembako",
        "pk": 25,
        "fields": {
            "nama_sembako": null,
            "jenis_sembako": "Bawang",
            "satuan": 1
        }
    },
    {
        "model": "sishasembapo.sembako",
        "pk": 26,
        "fields": {
            "nama_sembako": null,
            "jenis_sembako": "Olahan Ikan",
            "satuan": 1
        }
    },
    {
        "model": "sishasembapo.sembako",
        "pk": 27,
        "fields": {
            "nama_sembako": null,
            "jenis_sembako": "Sayur Mayur",
            "satuan": 1
        }
    },
    {
        "model": "sishasembapo.sembako",
        "pk": 28,
        "fields": {
            "nama_sembako": 19,
            "jenis_sembako": "Bramo",
            "satuan": 1
        }
    },
    {
        "model": "sishasembapo.sembako",
        "pk": 29,
        "fields": {
            "nama_sembako": 19,
            "jenis_sembako": "Bengawan",
            "satuan": 1
        }
    },
    {
        "model": "sishasembapo.sembako",
        "pk": 30,
        "fields": {
            "nama_sembako": 19,
            "jenis_sembako": "Menthik",
            "satuan": 1
        }
    },
    {
        "model": "sishasembapo.sembako",
        "pk": 31,
        "fields": {
            "nama_sembako": 19,
            "jenis_sembako": "IR 64",
            "satuan": 1
        }
    },
    {
        "model": "sishasembapo.sembako",
        "pk": 32,
        "fields": {
            "nama_sembako": 20,
            "jenis_sembako": "Gula Dalam Negeri",
            "satuan": 1
        }
    },
    {
        "model": "sishasembapo.sembako",
        "pk": 33,
        "fields": {
            "nama_sembako": 22,
            "jenis_sembako": "Minyak Goreng",
            "satuan": 2
        }
    },
    {
        "model": "sishasembapo.sembako",
        "pk": 34,
        "fields": {
            "nama_sembako": 21,
            "jenis_sembako": "Ayam Bloiler",
            "satuan": 1
        }
    },
    {
        "model": "sishasembapo.sembako",
        "pk": 35,
        "fields": {
            "nama_sembako": 21,
            "jenis_sembako": "Ayam Kampung",
            "satuan": 1
        }
    },
    {
        "model": "sishasembapo.sembako",
        "pk": 36,
        "fields": {
            "nama_sembako": 21,
            "jenis_sembako": "Sapi",
            "satuan": 1
        }
    },
    {
        "model": "sishasembapo.sembako",
        "pk": 37,
        "fields": {
            "nama_sembako": 23,
            "jenis_sembako": "Ayam Bloiler",
            "satuan": 1
        }
    },
    {
        "model": "sishasembapo.sembako",
        "pk": 38,
        "fields": {
            "nama_sembako": 23,
            "jenis_sembako": "Ayam Kampung",
            "satuan": 3
        }
    },
    {
        "model": "sishasembapo.sembako",
        "pk": 39,
        "fields": {
            "nama_sembako": 24,
            "jenis_sembako": "Merah",
            "satuan": 1
        }
    },
    {
        "model": "sishasembapo.sembako",
        "pk": 40,
        "fields": {
            "nama_sembako": 24,
            "jenis_sembako": "Kriting",
            "satuan": 1
        }
    },
    {
        "model": "sishasembapo.sembako",
        "pk": 41,
        "fields": {
            "nama_sembako": 24,
            "jenis_sembako": "Rawit",
            "satuan": 1
        }
    },
    {
        "model": "sishasembapo.sembako",
        "pk": 42,
        "fields": {
            "nama_sembako": 25,
            "jenis_sembako": "Merah",
            "satuan": 1
        }
    },
    {
        "model": "sishasembapo.sembako",
        "pk": 43,
        "fields": {
            "nama_sembako": 25,
            "jenis_sembako": "Putih",
            "satuan": 1
        }
    },
    {
        "model": "sishasembapo.sembako",
        "pk": 44,
        "fields": {
            "nama_sembako": 26,
            "jenis_sembako": "Ikan Asin",
            "satuan": 1
        }
    },
    {
        "model": "sishasembapo.sembako",
        "pk": 45,
        "fields": {
            "nama_sembako": 27,
            "jenis_sembako": "Kacang Hijau",
            "satuan": 1
        }
    },
    {
        "model": "sishasembapo.sembako",
        "pk": 46,
        "fields": {
            "nama_sembako": 27,
            "jenis_sembako": "Kacang Tanah",
            "satuan": 1
        }
    },
    {
        "model": "sishasembapo.sembako",
        "pk": 47,
        "fields": {
            "nama_sembako": 27,
            "jenis_sembako": "Ketela Pohon",
            "satuan": 1
        }
    },
    {
        "model": "sishasembapo.sembako",
        "pk": 48,
        "fields": {
            "nama_sembako": 27,
            "jenis_sembako": "Gobis(Kol)",
            "satuan": 1
        }
    },
    {
        "model": "sishasembapo.sembako",
        "pk": 49,
        "fields": {
            "nama_sembako": 27,
            "jenis_sembako": "Kentang",
            "satuan": 1
        }
    },
    {
        "model": "sishasembapo.sembako",
        "pk": 50,
        "fields": {
            "nama_sembako": 27,
            "jenis_sembako": "Tomat",
            "satuan": 1
        }
    },
    {
        "model": "sishasembapo.sembako",
        "pk": 51,
        "fields": {
            "nama_sembako": 27,
            "jenis_sembako": "Wortel",
            "satuan": 1
        }
    },
    {
        "model": "sishasembapo.sembako",
        "pk": 52,
        "fields": {
            "nama_sembako": 27,
            "jenis_sembako": "Buncis",
            "satuan": 1
        }
    }
]