[{"model": "auth.permission", "pk": 1, "fields": {"name": "Can add permission", "content_type": 1, "codename": "add_permission"}}, {"model": "auth.permission", "pk": 2, "fields": {"name": "Can change permission", "content_type": 1, "codename": "change_permission"}}, {"model": "auth.permission", "pk": 3, "fields": {"name": "Can delete permission", "content_type": 1, "codename": "delete_permission"}}, {"model": "auth.permission", "pk": 4, "fields": {"name": "Can view permission", "content_type": 1, "codename": "view_permission"}}, {"model": "auth.permission", "pk": 5, "fields": {"name": "Can add group", "content_type": 2, "codename": "add_group"}}, {"model": "auth.permission", "pk": 6, "fields": {"name": "Can change group", "content_type": 2, "codename": "change_group"}}, {"model": "auth.permission", "pk": 7, "fields": {"name": "Can delete group", "content_type": 2, "codename": "delete_group"}}, {"model": "auth.permission", "pk": 8, "fields": {"name": "Can view group", "content_type": 2, "codename": "view_group"}}, {"model": "auth.permission", "pk": 9, "fields": {"name": "Can add user", "content_type": 3, "codename": "add_user"}}, {"model": "auth.permission", "pk": 10, "fields": {"name": "Can change user", "content_type": 3, "codename": "change_user"}}, {"model": "auth.permission", "pk": 11, "fields": {"name": "Can delete user", "content_type": 3, "codename": "delete_user"}}, {"model": "auth.permission", "pk": 12, "fields": {"name": "Can view user", "content_type": 3, "codename": "view_user"}}, {"model": "auth.permission", "pk": 13, "fields": {"name": "Can add pasar", "content_type": 4, "codename": "add_pasar"}}, {"model": "auth.permission", "pk": 14, "fields": {"name": "Can change pasar", "content_type": 4, "codename": "change_pasar"}}, {"model": "auth.permission", "pk": 15, "fields": {"name": "Can delete pasar", "content_type": 4, "codename": "delete_pasar"}}, {"model": "auth.permission", "pk": 16, "fields": {"name": "Can view pasar", "content_type": 4, "codename": "view_pasar"}}, {"model": "auth.permission", "pk": 17, "fields": {"name": "Can add sembako", "content_type": 5, "codename": "add_sembako"}}, {"model": "auth.permission", "pk": 18, "fields": {"name": "Can change sembako", "content_type": 5, "codename": "change_sembako"}}, {"model": "auth.permission", "pk": 19, "fields": {"name": "Can delete sembako", "content_type": 5, "codename": "delete_sembako"}}, {"model": "auth.permission", "pk": 20, "fields": {"name": "Can view sembako", "content_type": 5, "codename": "view_sembako"}}, {"model": "auth.permission", "pk": 21, "fields": {"name": "Can add petugas pasar", "content_type": 6, "codename": "add_petugaspasar"}}, {"model": "auth.permission", "pk": 22, "fields": {"name": "Can change petugas pasar", "content_type": 6, "codename": "change_petugaspasar"}}, {"model": "auth.permission", "pk": 23, "fields": {"name": "Can delete petugas pasar", "content_type": 6, "codename": "delete_petugaspasar"}}, {"model": "auth.permission", "pk": 24, "fields": {"name": "Can view petugas pasar", "content_type": 6, "codename": "view_petugaspasar"}}, {"model": "auth.permission", "pk": 25, "fields": {"name": "Can add harga", "content_type": 7, "codename": "add_harga"}}, {"model": "auth.permission", "pk": 26, "fields": {"name": "Can change harga", "content_type": 7, "codename": "change_harga"}}, {"model": "auth.permission", "pk": 27, "fields": {"name": "Can delete harga", "content_type": 7, "codename": "delete_harga"}}, {"model": "auth.permission", "pk": 28, "fields": {"name": "Can view harga", "content_type": 7, "codename": "view_harga"}}, {"model": "auth.permission", "pk": 29, "fields": {"name": "Can add log entry", "content_type": 8, "codename": "add_logentry"}}, {"model": "auth.permission", "pk": 30, "fields": {"name": "Can change log entry", "content_type": 8, "codename": "change_logentry"}}, {"model": "auth.permission", "pk": 31, "fields": {"name": "Can delete log entry", "content_type": 8, "codename": "delete_logentry"}}, {"model": "auth.permission", "pk": 32, "fields": {"name": "Can view log entry", "content_type": 8, "codename": "view_logentry"}}, {"model": "auth.permission", "pk": 33, "fields": {"name": "Can add content type", "content_type": 9, "codename": "add_contenttype"}}, {"model": "auth.permission", "pk": 34, "fields": {"name": "Can change content type", "content_type": 9, "codename": "change_contenttype"}}, {"model": "auth.permission", "pk": 35, "fields": {"name": "Can delete content type", "content_type": 9, "codename": "delete_contenttype"}}, {"model": "auth.permission", "pk": 36, "fields": {"name": "Can view content type", "content_type": 9, "codename": "view_contenttype"}}, {"model": "auth.permission", "pk": 37, "fields": {"name": "Can add session", "content_type": 10, "codename": "add_session"}}, {"model": "auth.permission", "pk": 38, "fields": {"name": "Can change session", "content_type": 10, "codename": "change_session"}}, {"model": "auth.permission", "pk": 39, "fields": {"name": "Can delete session", "content_type": 10, "codename": "delete_session"}}, {"model": "auth.permission", "pk": 40, "fields": {"name": "Can view session", "content_type": 10, "codename": "view_session"}}, {"model": "auth.permission", "pk": 41, "fields": {"name": "Can add satuan", "content_type": 11, "codename": "add_satuan"}}, {"model": "auth.permission", "pk": 42, "fields": {"name": "Can change satuan", "content_type": 11, "codename": "change_satuan"}}, {"model": "auth.permission", "pk": 43, "fields": {"name": "Can delete satuan", "content_type": 11, "codename": "delete_satuan"}}, {"model": "auth.permission", "pk": 44, "fields": {"name": "Can view satuan", "content_type": 11, "codename": "view_satuan"}}, {"model": "auth.group", "pk": 1, "fields": {"name": "Admin PD. Pasar", "permissions": [9, 10, 11, 12, 26, 28, 13, 14, 15, 16, 21, 22, 23, 24, 17, 18, 19, 20]}}, {"model": "sishasembapo.pasar", "pk": 1, "fields": {"nama_pasar": "Pasar Setono Betek", "alamat_pasar": "JL. Patimura 64129", "kelurahan": "Setono Pande", "kecamatan": "Kota", "notlp": "0354-698508", "lokasi": "-7.821692,112.016371"}}, {"model": "sishasembapo.pasar", "pk": 2, "fields": {"nama_pasar": "Pasar Pahing", "alamat_pasar": "JL. HOS. Cokroaminoto 64123", "kelurahan": "Singonegaran", "kecamatan": "Pesantren", "notlp": "0354-696874", "lokasi": "-7.823028,112.022077"}}, {"model": "sishasembapo.satuan", "pk": 1, "fields": {"satuan": "Kg"}}, {"model": "sishasembapo.satuan", "pk": 2, "fields": {"satuan": "Liter"}}, {"model": "sishasembapo.satuan", "pk": 3, "fields": {"satuan": "Perbiji"}}, {"model": "sishasembapo.sembako", "pk": 19, "fields": {"nama_sembako": null, "jenis_sembako": "Beras", "satuan": 1}}, {"model": "sishasembapo.sembako", "pk": 20, "fields": {"nama_sembako": null, "jenis_sembako": "Gula", "satuan": 1}}, {"model": "sishasembapo.sembako", "pk": 21, "fields": {"nama_sembako": null, "jenis_sembako": "Daging", "satuan": 1}}, {"model": "sishasembapo.sembako", "pk": 22, "fields": {"nama_sembako": null, "jenis_sembako": "Minyak", "satuan": 2}}, {"model": "sishasembapo.sembako", "pk": 23, "fields": {"nama_sembako": null, "jenis_sembako": "Telur", "satuan": 1}}, {"model": "sishasembapo.sembako", "pk": 24, "fields": {"nama_sembako": null, "jenis_sembako": "Cabe", "satuan": 1}}, {"model": "sishasembapo.sembako", "pk": 25, "fields": {"nama_sembako": null, "jenis_sembako": "Bawang", "satuan": 1}}, {"model": "sishasembapo.sembako", "pk": 26, "fields": {"nama_sembako": null, "jenis_sembako": "Olahan Ikan", "satuan": 1}}, {"model": "sishasembapo.sembako", "pk": 27, "fields": {"nama_sembako": null, "jenis_sembako": "Sayur Mayur", "satuan": 1}}, {"model": "sishasembapo.sembako", "pk": 28, "fields": {"nama_sembako": 19, "jenis_sembako": "Bramo", "satuan": 1}}, {"model": "sishasembapo.sembako", "pk": 29, "fields": {"nama_sembako": 19, "jenis_sembako": "Bengawan", "satuan": 1}}, {"model": "sishasembapo.sembako", "pk": 30, "fields": {"nama_sembako": 19, "jenis_sembako": "Menthik", "satuan": 1}}, {"model": "sishasembapo.sembako", "pk": 31, "fields": {"nama_sembako": 19, "jenis_sembako": "IR 64", "satuan": 1}}, {"model": "sishasembapo.sembako", "pk": 32, "fields": {"nama_sembako": 20, "jenis_sembako": "Gula Dalam Negeri", "satuan": 1}}, {"model": "sishasembapo.sembako", "pk": 33, "fields": {"nama_sembako": 22, "jenis_sembako": "Minyak Goreng", "satuan": 2}}, {"model": "sishasembapo.sembako", "pk": 34, "fields": {"nama_sembako": 21, "jenis_sembako": "Ayam Bloiler", "satuan": 1}}, {"model": "sishasembapo.sembako", "pk": 35, "fields": {"nama_sembako": 21, "jenis_sembako": "Ayam Kampung", "satuan": 1}}, {"model": "sishasembapo.sembako", "pk": 36, "fields": {"nama_sembako": 21, "jenis_sembako": "Sapi", "satuan": 1}}, {"model": "sishasembapo.sembako", "pk": 37, "fields": {"nama_sembako": 23, "jenis_sembako": "Ayam Bloiler", "satuan": 1}}, {"model": "sishasembapo.sembako", "pk": 38, "fields": {"nama_sembako": 23, "jenis_sembako": "Ayam Kampung", "satuan": 3}}, {"model": "sishasembapo.sembako", "pk": 39, "fields": {"nama_sembako": 24, "jenis_sembako": "Merah", "satuan": 1}}, {"model": "sishasembapo.sembako", "pk": 40, "fields": {"nama_sembako": 24, "jenis_sembako": "Kriting", "satuan": 1}}, {"model": "sishasembapo.sembako", "pk": 41, "fields": {"nama_sembako": 24, "jenis_sembako": "Rawit", "satuan": 1}}, {"model": "sishasembapo.sembako", "pk": 42, "fields": {"nama_sembako": 25, "jenis_sembako": "Merah", "satuan": 1}}, {"model": "sishasembapo.sembako", "pk": 43, "fields": {"nama_sembako": 25, "jenis_sembako": "Putih", "satuan": 1}}, {"model": "sishasembapo.sembako", "pk": 44, "fields": {"nama_sembako": 26, "jenis_sembako": "Ikan Asin", "satuan": 1}}, {"model": "sishasembapo.sembako", "pk": 45, "fields": {"nama_sembako": 27, "jenis_sembako": "Kacang Hijau", "satuan": 1}}, {"model": "sishasembapo.sembako", "pk": 46, "fields": {"nama_sembako": 27, "jenis_sembako": "Kacang Tanah", "satuan": 1}}, {"model": "sishasembapo.sembako", "pk": 47, "fields": {"nama_sembako": 27, "jenis_sembako": "Ketela Pohon", "satuan": 1}}, {"model": "sishasembapo.sembako", "pk": 48, "fields": {"nama_sembako": 27, "jenis_sembako": "Gobis(Kol)", "satuan": 1}}, {"model": "sishasembapo.sembako", "pk": 49, "fields": {"nama_sembako": 27, "jenis_sembako": "Kentang", "satuan": 1}}, {"model": "sishasembapo.sembako", "pk": 50, "fields": {"nama_sembako": 27, "jenis_sembako": "Tomat", "satuan": 1}}, {"model": "sishasembapo.sembako", "pk": 51, "fields": {"nama_sembako": 27, "jenis_sembako": "Wortel", "satuan": 1}}, {"model": "sishasembapo.sembako", "pk": 52, "fields": {"nama_sembako": 27, "jenis_sembako": "Buncis", "satuan": 1}}]